-- phpMyAdmin SQL Dump
-- version 5.1.3
-- https://www.phpmyadmin.net/
--
-- Host: localhost
-- Generation Time: May 01, 2022 at 10:36 AM
-- Server version: 8.0.28-0ubuntu0.20.04.3
-- PHP Version: 8.0.16

SET SQL_MODE = "NO_AUTO_VALUE_ON_ZERO";
START TRANSACTION;
SET time_zone = "+00:00";


/*!40101 SET @OLD_CHARACTER_SET_CLIENT=@@CHARACTER_SET_CLIENT */;
/*!40101 SET @OLD_CHARACTER_SET_RESULTS=@@CHARACTER_SET_RESULTS */;
/*!40101 SET @OLD_COLLATION_CONNECTION=@@COLLATION_CONNECTION */;
/*!40101 SET NAMES utf8mb4 */;

--
-- Database: `janagate`
--

-- --------------------------------------------------------

--
-- Table structure for table `areas`
--

CREATE TABLE `areas` (
  `id` bigint UNSIGNED NOT NULL,
  `name` varchar(255) COLLATE utf8mb4_unicode_ci NOT NULL,
  `city_id` bigint UNSIGNED NOT NULL,
  `lat` varchar(255) COLLATE utf8mb4_unicode_ci DEFAULT NULL,
  `lang` varchar(255) COLLATE utf8mb4_unicode_ci DEFAULT NULL,
  `created_at` timestamp NULL DEFAULT NULL,
  `updated_at` timestamp NULL DEFAULT NULL
) ENGINE=InnoDB DEFAULT CHARSET=utf8mb4 COLLATE=utf8mb4_unicode_ci;

-- --------------------------------------------------------

--
-- Table structure for table `carts`
--

CREATE TABLE `carts` (
  `id` bigint UNSIGNED NOT NULL,
  `user_id` bigint UNSIGNED NOT NULL,
  `count` int DEFAULT NULL,
  `total_price` int DEFAULT NULL,
  `created_at` timestamp NULL DEFAULT NULL,
  `updated_at` timestamp NULL DEFAULT NULL
) ENGINE=InnoDB DEFAULT CHARSET=utf8mb4 COLLATE=utf8mb4_unicode_ci;

-- --------------------------------------------------------

--
-- Table structure for table `cart_items`
--

CREATE TABLE `cart_items` (
  `id` bigint UNSIGNED NOT NULL,
  `product_id` bigint UNSIGNED NOT NULL,
  `user_id` bigint UNSIGNED NOT NULL,
  `size` varchar(255) COLLATE utf8mb4_unicode_ci DEFAULT NULL,
  `color` varchar(255) COLLATE utf8mb4_unicode_ci DEFAULT NULL,
  `qty` int NOT NULL,
  `price` tinyint(1) NOT NULL
) ENGINE=InnoDB DEFAULT CHARSET=utf8mb4 COLLATE=utf8mb4_unicode_ci;

-- --------------------------------------------------------

--
-- Table structure for table `categories`
--

CREATE TABLE `categories` (
  `id` bigint UNSIGNED NOT NULL,
  `name` varchar(255) COLLATE utf8mb4_unicode_ci NOT NULL,
  `slug` varchar(255) COLLATE utf8mb4_unicode_ci DEFAULT NULL,
  `created_at` timestamp NULL DEFAULT NULL,
  `updated_at` timestamp NULL DEFAULT NULL
) ENGINE=InnoDB DEFAULT CHARSET=utf8mb4 COLLATE=utf8mb4_unicode_ci;

--
-- Dumping data for table `categories`
--

INSERT INTO `categories` (`id`, `name`, `slug`, `created_at`, `updated_at`) VALUES
(1, 'موضة و جمال', 'fashion', '2022-04-16 03:42:55', '2022-04-16 03:42:55'),
(2, 'رياضة', 'sports', '2022-04-16 03:42:55', '2022-04-16 03:42:55'),
(3, 'اجهزة الكترونية', 'electronics', '2022-04-16 03:42:55', '2022-04-16 03:42:55'),
(4, 'منزل و ديكور', 'home', '2022-04-16 03:42:55', '2022-04-16 03:42:55'),
(5, 'فنون', 'art', '2022-04-16 03:42:55', '2022-04-16 03:42:55'),
(7, 'الغذاء و الصحة', 'healthy', '2022-04-30 21:21:35', '2022-04-30 21:21:35'),
(8, 'الخدمات', 'services', '2022-04-30 21:22:11', '2022-04-30 21:22:11'),
(9, 'المزيد', 'more', '2022-04-30 21:22:37', '2022-04-30 21:22:37');

-- --------------------------------------------------------

--
-- Table structure for table `cities`
--

CREATE TABLE `cities` (
  `id` bigint UNSIGNED NOT NULL,
  `name` varchar(255) COLLATE utf8mb4_unicode_ci NOT NULL,
  `price` double DEFAULT '0',
  `shipping` longtext COLLATE utf8mb4_unicode_ci,
  `country_id` bigint UNSIGNED NOT NULL,
  `lat` varchar(255) COLLATE utf8mb4_unicode_ci DEFAULT NULL,
  `lang` varchar(255) COLLATE utf8mb4_unicode_ci DEFAULT NULL,
  `created_at` timestamp NULL DEFAULT NULL,
  `updated_at` timestamp NULL DEFAULT NULL
) ENGINE=InnoDB DEFAULT CHARSET=utf8mb4 COLLATE=utf8mb4_unicode_ci;

--
-- Dumping data for table `cities`
--

INSERT INTO `cities` (`id`, `name`, `price`, `shipping`, `country_id`, `lat`, `lang`, `created_at`, `updated_at`) VALUES
(1, 'القاهرة', 35, '{\"BARQ\":\"30\",\"GREEN\":0,\"QUICK\":\"65\"}', 65, NULL, NULL, '2020-06-17 10:54:28', '2020-08-23 07:24:11'),
(2, 'الجيزة', 35, '{\"BARQ\": 0,\"GREEN\": 0,\"QUICK\": 0}', 65, NULL, NULL, '2020-06-17 10:54:28', '2020-07-27 06:18:58'),
(3, 'الأسكندرية', 50, '{\"BARQ\": 0,\"GREEN\": 0,\"QUICK\": 0}', 65, NULL, NULL, '2020-06-17 10:54:28', '2020-07-27 06:18:58'),
(4, 'الدقهلية', 60, '{\"BARQ\": 0,\"GREEN\": 0,\"QUICK\": 0}', 65, NULL, NULL, '2020-06-17 10:54:28', '2020-07-27 06:18:58'),
(5, 'البحر الأحمر', 80, '{\"BARQ\": 0,\"GREEN\": 0,\"QUICK\": 0}', 65, NULL, NULL, '2020-06-17 10:54:28', '2020-07-27 06:18:58'),
(6, 'البحيرة', 60, '{\"BARQ\": 0,\"GREEN\": 0,\"QUICK\": 0}', 65, NULL, NULL, '2020-06-17 10:54:28', '2020-07-27 06:18:58'),
(7, 'الفيوم', 60, '{\"BARQ\": 0,\"GREEN\": 0,\"QUICK\": 0}', 65, NULL, NULL, '2020-06-17 10:54:28', '2020-07-27 06:18:58'),
(8, 'الغربية', 60, '{\"BARQ\": 0,\"GREEN\": 0,\"QUICK\": 0}', 65, NULL, NULL, '2020-06-17 10:54:28', '2020-07-27 06:18:58'),
(9, 'الإسماعلية', 60, '{\"BARQ\": 0,\"GREEN\": 0,\"QUICK\": 0}', 65, NULL, NULL, '2020-06-17 10:54:28', '2020-07-27 06:18:58'),
(10, 'المنوفية', 60, '{\"BARQ\": 0,\"GREEN\": 0,\"QUICK\": 0}', 65, NULL, NULL, '2020-06-17 10:54:28', '2020-07-27 06:18:58'),
(11, 'المنيا', 80, '{\"BARQ\": 0,\"GREEN\": 0,\"QUICK\": 0}', 65, NULL, NULL, '2020-06-17 10:54:28', '2020-07-27 06:18:58'),
(12, 'القليوبية', 60, '{\"BARQ\": 0,\"GREEN\": 0,\"QUICK\": 0}', 65, NULL, NULL, '2020-06-17 10:54:28', '2020-07-27 06:18:58'),
(13, 'الوادي الجديد', 80, '{\"BARQ\": 0,\"GREEN\": 0,\"QUICK\": 0}', 65, NULL, NULL, '2020-06-17 10:54:28', '2020-07-27 06:18:58'),
(14, 'السويس', 60, '{\"BARQ\": 0,\"GREEN\": 0,\"QUICK\": 0}', 65, NULL, NULL, '2020-06-17 10:54:28', '2020-07-27 06:18:58'),
(15, 'اسوان', 80, '{\"BARQ\": 0,\"GREEN\": 0,\"QUICK\": 0}', 65, NULL, NULL, '2020-06-17 10:54:28', '2020-07-27 06:18:58'),
(16, 'اسيوط', 80, '{\"BARQ\": 0,\"GREEN\": 0,\"QUICK\": 0}', 65, NULL, NULL, '2020-06-17 10:54:28', '2020-07-27 06:18:58'),
(17, 'بني سويف', 60, '{\"BARQ\": 0,\"GREEN\": 0,\"QUICK\": 0}', 65, NULL, NULL, '2020-06-17 10:54:28', '2020-07-27 06:18:58'),
(18, 'بورسعيد', 60, '{\"BARQ\": 0,\"GREEN\": 0,\"QUICK\": 0}', 65, NULL, NULL, '2020-06-17 10:54:28', '2020-07-27 06:18:58'),
(19, 'دمياط', 60, '{\"BARQ\": 0,\"GREEN\": 0,\"QUICK\": 0}', 65, NULL, NULL, '2020-06-17 10:54:28', '2020-07-27 06:18:58'),
(20, 'الشرقية', 60, '{\"BARQ\": 0,\"GREEN\": 0,\"QUICK\": 0}', 65, NULL, NULL, '2020-06-17 10:54:28', '2020-07-27 06:18:58'),
(21, 'جنوب سيناء', 80, '{\"BARQ\": 0,\"GREEN\": 0,\"QUICK\": 0}', 65, NULL, NULL, '2020-06-17 10:54:28', '2020-07-27 06:18:58'),
(22, 'كفر الشيخ', 60, '{\"BARQ\": 0,\"GREEN\": 0,\"QUICK\": 0}', 65, NULL, NULL, '2020-06-17 10:54:28', '2020-07-27 06:18:58'),
(23, 'مطروح', 60, '{\"BARQ\": 0,\"GREEN\": 0,\"QUICK\": 0}', 65, NULL, NULL, '2020-06-17 10:54:28', '2020-07-27 06:18:58'),
(24, 'الأقصر', 80, '{\"BARQ\": 0,\"GREEN\": 0,\"QUICK\": 0}', 65, NULL, NULL, '2020-06-17 10:54:28', '2020-07-27 06:18:58'),
(25, 'قنا', 80, '{\"BARQ\": 0,\"GREEN\": 0,\"QUICK\": 0}', 65, NULL, NULL, '2020-06-17 10:54:28', '2020-07-27 06:18:58'),
(26, 'شمال سيناء', 80, '{\"BARQ\": 0,\"GREEN\": 0,\"QUICK\": 0}', 65, NULL, NULL, '2020-06-17 10:54:28', '2020-07-27 06:18:58'),
(27, 'سوهاج', 80, '{\"BARQ\": 0,\"GREEN\": 0,\"QUICK\": 0}', 65, NULL, NULL, '2020-06-17 10:54:28', '2020-07-27 06:18:58'),
(28, 'جنوب الوادي', 80, '{\"BARQ\": 0,\"GREEN\": 0,\"QUICK\": 0}', 65, NULL, NULL, '2020-06-17 10:54:28', '2020-07-27 06:18:58'),
(29, 'القاهرة الجديدة', 35, '{\"BARQ\": 0,\"GREEN\": 0,\"QUICK\": 0}', 65, NULL, NULL, '2020-06-17 10:54:28', '2020-07-27 06:18:58'),
(30, 'حلوان', 35, '{\"BARQ\": 0,\"GREEN\": 0,\"QUICK\": 0}', 65, NULL, NULL, '2020-06-17 10:54:28', '2020-07-27 06:18:58'),
(31, 'الزقازيق', 60, '{\"BARQ\": 0,\"GREEN\": 0,\"QUICK\": 0}', 65, NULL, NULL, '2020-06-17 10:54:28', '2020-07-27 06:18:58'),
(32, 'المنصورة', 60, '{\"BARQ\": 0,\"GREEN\": 0,\"QUICK\": 0}', 65, NULL, NULL, '2020-06-17 10:54:28', '2020-07-27 06:18:58'),
(33, 'الاسماعيلية', 60, '{\"BARQ\": 0,\"GREEN\": 0,\"QUICK\": 0}', 65, NULL, NULL, '2020-06-17 10:54:28', '2020-07-27 06:18:58'),
(34, 'الغردقة', 80, '{\"BARQ\": 0,\"GREEN\": 0,\"QUICK\": 0}', 65, NULL, NULL, '2020-06-17 10:54:28', '2020-07-27 06:18:58'),
(35, 'بنها', 60, '{\"BARQ\": 0,\"GREEN\": 0,\"QUICK\": 0}', 65, NULL, NULL, '2020-06-17 10:54:28', '2020-07-27 06:18:58'),
(36, 'بور سعيد', 60, '{\"BARQ\": 0,\"GREEN\": 0,\"QUICK\": 0}', 65, NULL, NULL, '2020-06-17 10:54:28', '2020-07-27 06:18:58'),
(37, 'الرياض', 35, '[{\"name\":\"QUICK\",\"price\":\"35\"}]', 194, NULL, NULL, '2020-12-06 01:52:40', '2020-12-06 01:52:40'),
(38, 'مكة المكرمة', 35, '[{\"name\":\"QUICK\",\"price\":\"35\"}]', 194, NULL, NULL, '2020-12-06 01:53:03', '2020-12-06 01:53:03'),
(39, 'المدينة المنورة', 35, '[{\"name\":\"QUICK\",\"price\":\"35\"}]', 194, NULL, NULL, '2020-12-06 01:53:21', '2020-12-06 01:53:21'),
(40, 'القصيم', 35, '[{\"name\":\"QUICK\",\"price\":\"35\"}]', 194, NULL, NULL, '2020-12-06 01:53:38', '2020-12-06 01:53:38'),
(41, 'الشرقية', 35, '[{\"name\":\"QUICK\",\"price\":\"35\"}]', 194, NULL, NULL, '2020-12-06 01:53:55', '2020-12-06 01:53:55'),
(42, 'نجران', 35, '[{\"name\":\"QUICK\",\"price\":\"35\"}]', 194, NULL, NULL, '2020-12-06 01:54:11', '2020-12-06 01:54:11'),
(43, 'الحدود الشمالية', 35, '[{\"name\":\"QUICK\",\"price\":\"35\"}]', 194, NULL, NULL, '2020-12-06 01:54:29', '2020-12-06 01:54:29'),
(44, 'الجوف', 35, '[{\"name\":\"QUICK\",\"price\":\"35\"}]', 194, NULL, NULL, '2020-12-06 01:54:43', '2020-12-06 01:54:43'),
(45, 'حائل', 35, '[{\"name\":\"QUICK\",\"price\":\"35\"}]', 194, NULL, NULL, '2020-12-06 01:54:59', '2020-12-06 01:54:59'),
(46, 'الباحة', 35, '[{\"name\":\"QUICK\",\"price\":\"35\"}]', 194, NULL, NULL, '2020-12-06 01:55:13', '2020-12-06 01:55:13'),
(47, 'عسير', 35, '[{\"name\":\"QUICK\",\"price\":\"35\"}]', 194, NULL, NULL, '2020-12-06 01:55:26', '2020-12-06 01:55:26'),
(48, 'جازان', 35, '[{\"name\":\"QUICK\",\"price\":\"35\"}]', 194, NULL, NULL, '2020-12-06 01:55:48', '2020-12-06 01:55:48'),
(49, 'تبوك', 35, '[{\"name\":\"QUICK\",\"price\":\"35\"}]', 194, NULL, NULL, '2020-12-06 01:56:01', '2020-12-06 01:56:01');

-- --------------------------------------------------------

--
-- Table structure for table `contacts`
--

CREATE TABLE `contacts` (
  `id` bigint UNSIGNED NOT NULL,
  `name` varchar(255) COLLATE utf8mb4_unicode_ci NOT NULL,
  `email` varchar(255) COLLATE utf8mb4_unicode_ci NOT NULL,
  `phone` varchar(255) COLLATE utf8mb4_unicode_ci NOT NULL,
  `message` text COLLATE utf8mb4_unicode_ci NOT NULL,
  `created_at` timestamp NULL DEFAULT NULL,
  `updated_at` timestamp NULL DEFAULT NULL
) ENGINE=InnoDB DEFAULT CHARSET=utf8mb4 COLLATE=utf8mb4_unicode_ci;

--
-- Dumping data for table `contacts`
--

INSERT INTO `contacts` (`id`, `name`, `email`, `phone`, `message`, `created_at`, `updated_at`) VALUES
(2, 'Marwan Osama', 'marwan.osama8888@gmail.com', '01022418008', 'رسالتك', '2022-04-29 00:16:14', '2022-04-29 00:16:14'),
(3, 'Marwan Osama', 'marwan.osama8888@gmail.com', '01022418008', 'رسالتك', '2022-04-29 00:16:50', '2022-04-29 00:16:50'),
(4, 'Marwan Osama', 'marwan.osama8888@gmail.com', '01022418008', 'رسالتك', '2022-04-29 00:17:15', '2022-04-29 00:17:15'),
(5, 'Marwan Osama', 'marwan.osama8888@gmail.com', '01022418008', 'رسالتك', '2022-04-29 00:18:34', '2022-04-29 00:18:34'),
(6, 'Marwan Osama', 'marwan.osama8888@gmail.com', '01022418008', 'رسالتك', '2022-04-29 00:19:23', '2022-04-29 00:19:23'),
(7, 'Marwan Osama', 'marwan.osama8888@gmail.com', '01022418008', 'رسالتك', '2022-04-29 00:20:12', '2022-04-29 00:20:12'),
(8, 'Marwan Osama', 'marwan.osama8888@gmail.com', '01022418008', 'رسالتك', '2022-04-29 00:22:52', '2022-04-29 00:22:52'),
(9, 'Marwan Osama', 'marwan.osama8888@gmail.com', '01022418008', 'رسالتك', '2022-04-29 00:30:10', '2022-04-29 00:30:10'),
(10, 'Marwan Osama', 'marwan.osama8888@gmail.com', '01022418008', 'رسالتك', '2022-04-29 00:39:11', '2022-04-29 00:39:11'),
(11, 'Marwan Osama', 'marwan.osama8888@gmail.com', '01022418008', 'رسالتك', '2022-04-29 00:40:18', '2022-04-29 00:40:18'),
(12, 'Marwan Osama', 'marwan.osama8888@gmail.com', '01022418008', 'Message', '2022-05-01 00:50:54', '2022-05-01 00:50:54');

-- --------------------------------------------------------

--
-- Table structure for table `countries`
--

CREATE TABLE `countries` (
  `id` bigint UNSIGNED NOT NULL,
  `name` varchar(255) COLLATE utf8mb4_unicode_ci NOT NULL,
  `code` varchar(255) COLLATE utf8mb4_unicode_ci NOT NULL,
  `phone` varchar(255) COLLATE utf8mb4_unicode_ci NOT NULL,
  `lat` varchar(255) COLLATE utf8mb4_unicode_ci DEFAULT NULL,
  `lang` varchar(255) COLLATE utf8mb4_unicode_ci DEFAULT NULL,
  `created_at` timestamp NULL DEFAULT NULL,
  `updated_at` timestamp NULL DEFAULT NULL
) ENGINE=InnoDB DEFAULT CHARSET=utf8mb4 COLLATE=utf8mb4_unicode_ci;

--
-- Dumping data for table `countries`
--

INSERT INTO `countries` (`id`, `name`, `code`, `phone`, `lat`, `lang`, `created_at`, `updated_at`) VALUES
(1, 'جزر أولان ', 'AX', '358', NULL, NULL, '2020-06-17 08:37:04', '2020-06-17 08:37:04'),
(2, 'ألبانيا ', 'AL', '355', NULL, NULL, '2020-06-17 08:37:04', '2020-06-17 08:37:04'),
(3, 'الجزائر', 'DZ', '213', NULL, NULL, '2020-06-17 08:37:04', '2020-06-17 08:37:04'),
(4, 'ساموا الأمريكية ', 'AS', '1 684', NULL, NULL, '2020-06-17 08:37:04', '2020-06-17 08:37:04'),
(5, 'أندورا ', 'AD', '376', NULL, NULL, '2020-06-17 08:37:04', '2020-06-17 08:37:04'),
(6, 'أنغولا ', 'AO', '244', NULL, NULL, '2020-06-17 08:37:04', '2020-06-17 08:37:04'),
(7, 'أنغويلا ', 'AI', '1 264', NULL, NULL, '2020-06-17 08:37:04', '2020-06-17 08:37:04'),
(8, 'أنتاركتيكا ', 'AQ', '672', NULL, NULL, '2020-06-17 08:37:04', '2020-06-17 08:37:04'),
(9, 'أنتيغوا وبربودا ', 'AG', '1 268', NULL, NULL, '2020-06-17 08:37:04', '2020-06-17 08:37:04'),
(10, 'الأرجنتين ', 'AR', '54', NULL, NULL, '2020-06-17 08:37:04', '2020-06-17 08:37:04'),
(11, 'أرمينيا ', 'AM', '374', NULL, NULL, '2020-06-17 08:37:04', '2020-06-17 08:37:04'),
(12, 'آروبا ', 'AW', '297', NULL, NULL, '2020-06-17 08:37:04', '2020-06-17 08:37:04'),
(13, 'أستراليا ', 'AU', '61', NULL, NULL, '2020-06-17 08:37:04', '2020-06-17 08:37:04'),
(14, 'النمسا ', 'AT', '43', NULL, NULL, '2020-06-17 08:37:04', '2020-06-17 08:37:04'),
(15, 'أذربيجان ', 'AZ', '994', NULL, NULL, '2020-06-17 08:37:04', '2020-06-17 08:37:04'),
(16, 'الباهاما ', 'BS', '1 242', NULL, NULL, '2020-06-17 08:37:04', '2020-06-17 08:37:04'),
(17, 'البحرين', 'BH', '973', NULL, NULL, '2020-06-17 08:37:04', '2020-06-17 08:37:04'),
(18, 'بنجلاديش ', 'BD', '880', NULL, NULL, '2020-06-17 08:37:04', '2020-06-17 08:37:04'),
(19, 'بربادوس ', 'BB', '1 246', NULL, NULL, '2020-06-17 08:37:04', '2020-06-17 08:37:04'),
(20, 'روسيا البيضاء ', 'BY', '375', NULL, NULL, '2020-06-17 08:37:04', '2020-06-17 08:37:04'),
(21, 'بلجيكا ', 'BE', '32', NULL, NULL, '2020-06-17 08:37:04', '2020-06-17 08:37:04'),
(22, 'بليز ', 'BZ', '501', NULL, NULL, '2020-06-17 08:37:04', '2020-06-17 08:37:04'),
(23, 'بنين ', 'BJ', '229', NULL, NULL, '2020-06-17 08:37:04', '2020-06-17 08:37:04'),
(24, 'برمودا ', 'BM', '1 441', NULL, NULL, '2020-06-17 08:37:04', '2020-06-17 08:37:04'),
(25, 'بوتان ', 'BT', '975', NULL, NULL, '2020-06-17 08:37:04', '2020-06-17 08:37:04'),
(26, 'بوليفيا ', 'BO', '591', NULL, NULL, '2020-06-17 08:37:04', '2020-06-17 08:37:04'),
(27, 'هولندا الكاريبية ', 'BQ', '599', NULL, NULL, '2020-06-17 08:37:04', '2020-06-17 08:37:04'),
(28, 'البوسنة والهرسك ', 'BA', '387', NULL, NULL, '2020-06-17 08:37:04', '2020-06-17 08:37:04'),
(29, 'بتسوانا ', 'BW', '267', NULL, NULL, '2020-06-17 08:37:04', '2020-06-17 08:37:04'),
(30, 'جزيرة بوفيه ', 'BV', 'NULL', NULL, NULL, '2020-06-17 08:37:04', '2020-06-17 08:37:04'),
(31, 'البرازيل ', 'BR', '55', NULL, NULL, '2020-06-17 08:37:04', '2020-06-17 08:37:04'),
(32, 'الإقليم البريطاني في المحيط الهندي ', 'IO', '246', NULL, NULL, '2020-06-17 08:37:04', '2020-06-17 08:37:04'),
(33, 'بروناي ', 'BN', '673', NULL, NULL, '2020-06-17 08:37:04', '2020-06-17 08:37:04'),
(34, 'بلغاريا ', 'BG', '359', NULL, NULL, '2020-06-17 08:37:04', '2020-06-17 08:37:04'),
(35, 'بوركينا فاسو ', 'BF', '226', NULL, NULL, '2020-06-17 08:37:04', '2020-06-17 08:37:04'),
(36, 'بوروندي ', 'BI', '257', NULL, NULL, '2020-06-17 08:37:04', '2020-06-17 08:37:04'),
(37, 'كمبوديا ', 'KH', '855', NULL, NULL, '2020-06-17 08:37:04', '2020-06-17 08:37:04'),
(38, 'الكاميرون ', 'CM', '237', NULL, NULL, '2020-06-17 08:37:04', '2020-06-17 08:37:04'),
(39, 'كندا ', 'CA', '1', NULL, NULL, '2020-06-17 08:37:04', '2020-06-17 08:37:04'),
(40, 'الرأس الأخضر ', 'CV', '238', NULL, NULL, '2020-06-17 08:37:04', '2020-06-17 08:37:04'),
(41, 'جزر الكايمن ', 'KY', '1 345', NULL, NULL, '2020-06-17 08:37:04', '2020-06-17 08:37:04'),
(42, 'جمهورية أفريقيا الوسطى ', 'CF', '236', NULL, NULL, '2020-06-17 08:37:04', '2020-06-17 08:37:04'),
(43, 'تشاد ', 'TD', '235', NULL, NULL, '2020-06-17 08:37:04', '2020-06-17 08:37:04'),
(44, 'شيلي ', 'CL', '56', NULL, NULL, '2020-06-17 08:37:04', '2020-06-17 08:37:04'),
(45, 'الصين ', 'CN', '86', NULL, NULL, '2020-06-17 08:37:04', '2020-06-17 08:37:04'),
(46, 'جزيرة الكريسماس ', 'CX', '61', NULL, NULL, '2020-06-17 08:37:04', '2020-06-17 08:37:04'),
(47, 'جزر كوكوس ', 'CC', '61', NULL, NULL, '2020-06-17 08:37:04', '2020-06-17 08:37:04'),
(48, 'كولومبيا ', 'CO', '57', NULL, NULL, '2020-06-17 08:37:04', '2020-06-17 08:37:04'),
(49, 'جزر القمر', 'KM', '269', NULL, NULL, '2020-06-17 08:37:04', '2020-06-17 08:37:04'),
(50, 'الكونغو - برازافيل ', 'CG', '242', NULL, NULL, '2020-06-17 08:37:04', '2020-06-17 08:37:04'),
(51, 'الكونغو - كينشاسا ', 'CD', '243', NULL, NULL, '2020-06-17 08:37:04', '2020-06-17 08:37:04'),
(52, 'جزر كوك ', 'CK', '682', NULL, NULL, '2020-06-17 08:37:04', '2020-06-17 08:37:04'),
(53, 'كوستاريكا ', 'CR', '506', NULL, NULL, '2020-06-17 08:37:04', '2020-06-17 08:37:04'),
(54, 'ساحل العاج ', 'CI', '225', NULL, NULL, '2020-06-17 08:37:04', '2020-06-17 08:37:04'),
(55, 'كرواتيا ', 'HR', '385', NULL, NULL, '2020-06-17 08:37:04', '2020-06-17 08:37:04'),
(56, 'كوبا ', 'CU', '53', NULL, NULL, '2020-06-17 08:37:04', '2020-06-17 08:37:04'),
(57, 'كوراساو ', 'CW', '599 9', NULL, NULL, '2020-06-17 08:37:04', '2020-06-17 08:37:04'),
(58, 'قبرص ', 'CY', '357', NULL, NULL, '2020-06-17 08:37:04', '2020-06-17 08:37:04'),
(59, 'جمهورية التشيك ', 'CZ', '420', NULL, NULL, '2020-06-17 08:37:04', '2020-06-17 08:37:04'),
(60, 'الدانمرك ', 'DK', '45', NULL, NULL, '2020-06-17 08:37:04', '2020-06-17 08:37:04'),
(61, 'جيبوتي ', 'DJ', '253', NULL, NULL, '2020-06-17 08:37:04', '2020-06-17 08:37:04'),
(62, 'دومينيكا ', 'DM', '1 767', NULL, NULL, '2020-06-17 08:37:04', '2020-06-17 08:37:04'),
(63, 'جمهورية الدومينيك ', 'DO', '1 809', NULL, NULL, '2020-06-17 08:37:04', '2020-06-17 08:37:04'),
(64, 'الإكوادور ', 'EC', '593', NULL, NULL, '2020-06-17 08:37:04', '2020-06-17 08:37:04'),
(65, 'مصر', 'EGY', '20', NULL, NULL, '2020-06-17 08:37:04', '2020-06-17 08:37:04'),
(66, 'السلفادور ', 'SV', '503', NULL, NULL, '2020-06-17 08:37:04', '2020-06-17 08:37:04'),
(67, 'غينيا الإستوائية ', 'GQ', '240', NULL, NULL, '2020-06-17 08:37:04', '2020-06-17 08:37:04'),
(68, 'أريتريا ', 'ER', '291', NULL, NULL, '2020-06-17 08:37:04', '2020-06-17 08:37:04'),
(69, 'أستونيا ', 'EE', '372', NULL, NULL, '2020-06-17 08:37:04', '2020-06-17 08:37:04'),
(70, 'إثيوبيا ', 'ET', '251', NULL, NULL, '2020-06-17 08:37:04', '2020-06-17 08:37:04'),
(71, 'جزر فوكلاند ', 'FK', '500', NULL, NULL, '2020-06-17 08:37:04', '2020-06-17 08:37:04'),
(72, 'جزر فارو ', 'FO', '298', NULL, NULL, '2020-06-17 08:37:04', '2020-06-17 08:37:04'),
(73, 'فيجي ', 'FJ', '679', NULL, NULL, '2020-06-17 08:37:04', '2020-06-17 08:37:04'),
(74, 'فنلندا ', 'FI', '358', NULL, NULL, '2020-06-17 08:37:04', '2020-06-17 08:37:04'),
(75, 'فرنسا ', 'FR', '33', NULL, NULL, '2020-06-17 08:37:04', '2020-06-17 08:37:04'),
(76, 'غويانا الفرنسية ', 'GF', 'NULL', NULL, NULL, '2020-06-17 08:37:04', '2020-06-17 08:37:04'),
(77, 'بولينيزيا الفرنسية ', 'PF', '689', NULL, NULL, '2020-06-17 08:37:04', '2020-06-17 08:37:04'),
(78, 'المقاطعات الجنوبية الفرنسية ', 'TF', 'NULL', NULL, NULL, '2020-06-17 08:37:04', '2020-06-17 08:37:04'),
(79, 'الجابون ', 'GA', '241', NULL, NULL, '2020-06-17 08:37:04', '2020-06-17 08:37:04'),
(80, 'غامبيا ', 'GM', '220', NULL, NULL, '2020-06-17 08:37:04', '2020-06-17 08:37:04'),
(81, 'جورجيا ', 'GE', '995', NULL, NULL, '2020-06-17 08:37:04', '2020-06-17 08:37:04'),
(82, 'ألمانيا ', 'DE', '49', NULL, NULL, '2020-06-17 08:37:04', '2020-06-17 08:37:04'),
(83, 'غانا ', 'GH', '233', NULL, NULL, '2020-06-17 08:37:04', '2020-06-17 08:37:04'),
(84, 'جبل طارق ', 'GI', '350', NULL, NULL, '2020-06-17 08:37:04', '2020-06-17 08:37:04'),
(85, 'اليونان ', 'GR', '30', NULL, NULL, '2020-06-17 08:37:04', '2020-06-17 08:37:04'),
(86, 'غرينلاند ', 'GL', '299', NULL, NULL, '2020-06-17 08:37:04', '2020-06-17 08:37:04'),
(87, 'غرينادا ', 'GD', '1 473', NULL, NULL, '2020-06-17 08:37:04', '2020-06-17 08:37:04'),
(88, 'جوادلوب ', 'GP', 'NULL', NULL, NULL, '2020-06-17 08:37:04', '2020-06-17 08:37:04'),
(89, 'غوام ', 'GU', '1 671', NULL, NULL, '2020-06-17 08:37:04', '2020-06-17 08:37:04'),
(90, 'غواتيمالا ', 'GT', '502', NULL, NULL, '2020-06-17 08:37:04', '2020-06-17 08:37:04'),
(91, 'غيرنزي ', 'GG', '44', NULL, NULL, '2020-06-17 08:37:04', '2020-06-17 08:37:04'),
(92, 'غينيا ', 'GN', '224', NULL, NULL, '2020-06-17 08:37:04', '2020-06-17 08:37:04'),
(93, 'غينيا بيساو ', 'GW', '245', NULL, NULL, '2020-06-17 08:37:04', '2020-06-17 08:37:04'),
(94, 'غيانا ', 'GY', '592', NULL, NULL, '2020-06-17 08:37:04', '2020-06-17 08:37:04'),
(95, 'هايتي ', 'HT', '509', NULL, NULL, '2020-06-17 08:37:04', '2020-06-17 08:37:04'),
(96, 'جزيرة هيرد وجزر ماكدونالد ', 'HM', 'NULL', NULL, NULL, '2020-06-17 08:37:04', '2020-06-17 08:37:04'),
(97, 'الفاتيكان ', 'VA', '39', NULL, NULL, '2020-06-17 08:37:04', '2020-06-17 08:37:04'),
(98, 'هندوراس ', 'HN', '504', NULL, NULL, '2020-06-17 08:37:04', '2020-06-17 08:37:04'),
(99, 'هونغ كونغ ', 'HK', '852', NULL, NULL, '2020-06-17 08:37:04', '2020-06-17 08:37:04'),
(100, 'هنغاريا ', 'HU', '36', NULL, NULL, '2020-06-17 08:37:04', '2020-06-17 08:37:04'),
(101, 'أيسلندا ', 'IS', '354', NULL, NULL, '2020-06-17 08:37:04', '2020-06-17 08:37:04'),
(102, 'الهند ', 'IN', '91', NULL, NULL, '2020-06-17 08:37:04', '2020-06-17 08:37:04'),
(103, 'أندونيسيا ', 'ID', '62', NULL, NULL, '2020-06-17 08:37:04', '2020-06-17 08:37:04'),
(104, 'ایران', 'IR', '98', NULL, NULL, '2020-06-17 08:37:04', '2020-06-17 08:37:04'),
(105, 'العراق', 'IQ', '964', NULL, NULL, '2020-06-17 08:37:04', '2020-06-17 08:37:04'),
(106, 'أيرلندا ', 'IE', '353', NULL, NULL, '2020-06-17 08:37:04', '2020-06-17 08:37:04'),
(107, 'جزيرة مان ', 'IM', '44', NULL, NULL, '2020-06-17 08:37:04', '2020-06-17 08:37:04'),
(108, 'إسرائيل', 'IL', '972', NULL, NULL, '2020-06-17 08:37:04', '2020-06-17 08:37:04'),
(109, 'إيطاليا ', 'IT', '39', NULL, NULL, '2020-06-17 08:37:04', '2020-06-17 08:37:04'),
(110, 'جامايكا ', 'JM', '1 876', NULL, NULL, '2020-06-17 08:37:04', '2020-06-17 08:37:04'),
(111, 'اليابان ', 'JP', '81', NULL, NULL, '2020-06-17 08:37:04', '2020-06-17 08:37:04'),
(112, 'جيرسي ', 'JE', '44', NULL, NULL, '2020-06-17 08:37:04', '2020-06-17 08:37:04'),
(113, 'الأردن', 'JO', '962', NULL, NULL, '2020-06-17 08:37:04', '2020-06-17 08:37:04'),
(114, 'كازاخستان ', 'KZ', '7', NULL, NULL, '2020-06-17 08:37:04', '2020-06-17 08:37:04'),
(115, 'كينيا ', 'KE', '254', NULL, NULL, '2020-06-17 08:37:04', '2020-06-17 08:37:04'),
(116, 'كيريباتي ', 'KI', '686', NULL, NULL, '2020-06-17 08:37:04', '2020-06-17 08:37:04'),
(117, 'كوريا الشمالية ', 'KP', '850', NULL, NULL, '2020-06-17 08:37:04', '2020-06-17 08:37:04'),
(118, 'كوريا الجنوبية ', 'KR', '82', NULL, NULL, '2020-06-17 08:37:04', '2020-06-17 08:37:04'),
(119, 'الكويت', 'KW', '965', NULL, NULL, '2020-06-17 08:37:04', '2020-06-17 08:37:04'),
(120, 'قرغيزستان ', 'KG', '996', NULL, NULL, '2020-06-17 08:37:04', '2020-06-17 08:37:04'),
(121, 'لاوس ', 'LA', '856', NULL, NULL, '2020-06-17 08:37:04', '2020-06-17 08:37:04'),
(122, 'لاتفيا ', 'LV', '371', NULL, NULL, '2020-06-17 08:37:04', '2020-06-17 08:37:04'),
(123, 'لبنان', 'LB', '961', NULL, NULL, '2020-06-17 08:37:04', '2020-06-17 08:37:04'),
(124, 'ليسوتو ', 'LS', '266', NULL, NULL, '2020-06-17 08:37:04', '2020-06-17 08:37:04'),
(125, 'ليبيريا ', 'LR', '231', NULL, NULL, '2020-06-17 08:37:04', '2020-06-17 08:37:04'),
(126, 'ليبيا', 'LY', '218', NULL, NULL, '2020-06-17 08:37:04', '2020-06-17 08:37:04'),
(127, 'ليختنشتاين ', 'LI', '423', NULL, NULL, '2020-06-17 08:37:04', '2020-06-17 08:37:04'),
(128, 'ليتوانيا ', 'LT', '370', NULL, NULL, '2020-06-17 08:37:04', '2020-06-17 08:37:04'),
(129, 'لوكسمبورغ ', 'LU', '352', NULL, NULL, '2020-06-17 08:37:04', '2020-06-17 08:37:04'),
(130, 'مكاو ', 'MO', '853', NULL, NULL, '2020-06-17 08:37:04', '2020-06-17 08:37:04'),
(131, 'مقدونيا ', 'MK', '389', NULL, NULL, '2020-06-17 08:37:04', '2020-06-17 08:37:04'),
(132, 'مدغشقر ', 'MG', '261', NULL, NULL, '2020-06-17 08:37:04', '2020-06-17 08:37:04'),
(133, 'ملاوي ', 'MW', '265', NULL, NULL, '2020-06-17 08:37:04', '2020-06-17 08:37:04'),
(134, 'ماليزيا ', 'MY', '60', NULL, NULL, '2020-06-17 08:37:04', '2020-06-17 08:37:04'),
(135, 'جزر المالديف ', 'MV', '960', NULL, NULL, '2020-06-17 08:37:04', '2020-06-17 08:37:04'),
(136, 'مالي ', 'ML', '223', NULL, NULL, '2020-06-17 08:37:04', '2020-06-17 08:37:04'),
(137, 'مالطا ', 'MT', '356', NULL, NULL, '2020-06-17 08:37:04', '2020-06-17 08:37:04'),
(138, 'جزر المارشال ', 'MH', '692', NULL, NULL, '2020-06-17 08:37:04', '2020-06-17 08:37:04'),
(139, 'مارتينيك ', 'MQ', '596', NULL, NULL, '2020-06-17 08:37:04', '2020-06-17 08:37:04'),
(140, 'موريتانيا', 'MR', '222', NULL, NULL, '2020-06-17 08:37:04', '2020-06-17 08:37:04'),
(141, 'موريشيوس ', 'MU', '230', NULL, NULL, '2020-06-17 08:37:04', '2020-06-17 08:37:04'),
(142, 'مايوت ', 'YT', '262', NULL, NULL, '2020-06-17 08:37:04', '2020-06-17 08:37:04'),
(143, 'المكسيك ', 'MX', '52', NULL, NULL, '2020-06-17 08:37:04', '2020-06-17 08:37:04'),
(144, 'ميكرونيزيا ', 'FM', '691', NULL, NULL, '2020-06-17 08:37:04', '2020-06-17 08:37:04'),
(145, 'مولدافيا ', 'MD', '373', NULL, NULL, '2020-06-17 08:37:04', '2020-06-17 08:37:04'),
(146, 'موناكو ', 'MC', '377', NULL, NULL, '2020-06-17 08:37:04', '2020-06-17 08:37:04'),
(147, 'منغوليا ', 'MN', '976', NULL, NULL, '2020-06-17 08:37:04', '2020-06-17 08:37:04'),
(148, 'الجبل الأسود ', 'ME', '382', NULL, NULL, '2020-06-17 08:37:04', '2020-06-17 08:37:04'),
(149, 'مونتسرات ', 'MS', '1 664', NULL, NULL, '2020-06-17 08:37:04', '2020-06-17 08:37:04'),
(150, 'المغرب', 'MA', '212', NULL, NULL, '2020-06-17 08:37:04', '2020-06-17 08:37:04'),
(151, 'موزمبيق ', 'MZ', '258', NULL, NULL, '2020-06-17 08:37:04', '2020-06-17 08:37:04'),
(152, 'ميانمار -بورما ', 'MM', '95', NULL, NULL, '2020-06-17 08:37:04', '2020-06-17 08:37:04'),
(153, 'ناميبيا ', 'NA', '264', NULL, NULL, '2020-06-17 08:37:04', '2020-06-17 08:37:04'),
(154, 'ناورو ', 'NR', '674', NULL, NULL, '2020-06-17 08:37:04', '2020-06-17 08:37:04'),
(155, 'نيبال ', 'NP', '977', NULL, NULL, '2020-06-17 08:37:04', '2020-06-17 08:37:04'),
(156, 'هولندا ', 'NL', '31', NULL, NULL, '2020-06-17 08:37:04', '2020-06-17 08:37:04'),
(157, 'كاليدونيا الجديدة ', 'NC', '687', NULL, NULL, '2020-06-17 08:37:04', '2020-06-17 08:37:04'),
(158, 'نيوزيلاندا ', 'NZ', '64', NULL, NULL, '2020-06-17 08:37:04', '2020-06-17 08:37:04'),
(159, 'نيكاراغوا ', 'NI', '505', NULL, NULL, '2020-06-17 08:37:04', '2020-06-17 08:37:04'),
(160, 'النيجر ', 'NE', '227', NULL, NULL, '2020-06-17 08:37:04', '2020-06-17 08:37:04'),
(161, 'نيجيريا ', 'NG', '234', NULL, NULL, '2020-06-17 08:37:04', '2020-06-17 08:37:04'),
(162, 'نيوي ', 'NU', '683', NULL, NULL, '2020-06-17 08:37:04', '2020-06-17 08:37:04'),
(163, 'جزيرة نورفوك ', 'NF', '672', NULL, NULL, '2020-06-17 08:37:04', '2020-06-17 08:37:04'),
(164, 'جزر ماريانا الشمالية ', 'MP', '1 670', NULL, NULL, '2020-06-17 08:37:04', '2020-06-17 08:37:04'),
(165, 'النرويج ', 'NO', '47', NULL, NULL, '2020-06-17 08:37:04', '2020-06-17 08:37:04'),
(166, 'عُمان', 'OM', '968', NULL, NULL, '2020-06-17 08:37:04', '2020-06-17 08:37:04'),
(167, 'باكستان', 'PK', '92', NULL, NULL, '2020-06-17 08:37:04', '2020-06-17 08:37:04'),
(168, 'بالاو ', 'PW', '680', NULL, NULL, '2020-06-17 08:37:04', '2020-06-17 08:37:04'),
(169, 'فلسطين', 'PS', '970', NULL, NULL, '2020-06-17 08:37:04', '2020-06-17 08:37:04'),
(170, 'بنما ', 'PA', '507', NULL, NULL, '2020-06-17 08:37:04', '2020-06-17 08:37:04'),
(171, 'بابوا غينيا الجديدة ', 'PG', '675', NULL, NULL, '2020-06-17 08:37:04', '2020-06-17 08:37:04'),
(172, 'باراغواي ', 'PY', '595', NULL, NULL, '2020-06-17 08:37:04', '2020-06-17 08:37:04'),
(173, 'بيرو ', 'PE', '51', NULL, NULL, '2020-06-17 08:37:04', '2020-06-17 08:37:04'),
(174, 'الفيلبين ', 'PH', '63', NULL, NULL, '2020-06-17 08:37:04', '2020-06-17 08:37:04'),
(175, 'جزر بيتكيرن ', 'PN', '870', NULL, NULL, '2020-06-17 08:37:04', '2020-06-17 08:37:04'),
(176, 'بولندا ', 'PL', '48', NULL, NULL, '2020-06-17 08:37:04', '2020-06-17 08:37:04'),
(177, 'البرتغال ', 'PT', '351', NULL, NULL, '2020-06-17 08:37:04', '2020-06-17 08:37:04'),
(178, 'بورتوريكو ', 'PR', '1 787', NULL, NULL, '2020-06-17 08:37:04', '2020-06-17 08:37:04'),
(179, 'قطر', 'QA', '974', NULL, NULL, '2020-06-17 08:37:04', '2020-06-17 08:37:04'),
(180, 'روينيون ', 'RE', 'NULL', NULL, NULL, '2020-06-17 08:37:04', '2020-06-17 08:37:04'),
(181, 'رومانيا ', 'RO', '40', NULL, NULL, '2020-06-17 08:37:04', '2020-06-17 08:37:04'),
(182, 'روسيا ', 'RU', '7', NULL, NULL, '2020-06-17 08:37:04', '2020-06-17 08:37:04'),
(183, 'رواندا ', 'RW', '250', NULL, NULL, '2020-06-17 08:37:04', '2020-06-17 08:37:04'),
(184, 'سان بارتليمي ', 'BL', '590', NULL, NULL, '2020-06-17 08:37:04', '2020-06-17 08:37:04'),
(185, 'سانت هيلنا ', 'SH', '290', NULL, NULL, '2020-06-17 08:37:04', '2020-06-17 08:37:04'),
(186, 'سانت كيتس ونيفيس ', 'KN', '1 869', NULL, NULL, '2020-06-17 08:37:04', '2020-06-17 08:37:04'),
(187, 'سانت لوسيا ', 'LC', '1 758', NULL, NULL, '2020-06-17 08:37:04', '2020-06-17 08:37:04'),
(188, 'سانت مارتن ', 'MF', '1 599', NULL, NULL, '2020-06-17 08:37:04', '2020-06-17 08:37:04'),
(189, 'سانت بيير وميكولون ', 'PM', '508', NULL, NULL, '2020-06-17 08:37:04', '2020-06-17 08:37:04'),
(190, 'سانت فنسنت وغرنادين ', 'VC', '1784', NULL, NULL, '2020-06-17 08:37:04', '2020-06-17 08:37:04'),
(191, 'ساموا ', 'WS', '685', NULL, NULL, '2020-06-17 08:37:04', '2020-06-17 08:37:04'),
(192, 'سان مارينو ', 'SM', '378', NULL, NULL, '2020-06-17 08:37:04', '2020-06-17 08:37:04'),
(193, 'ساو تومي وبرينسيبي ', 'ST', '239', NULL, NULL, '2020-06-17 08:37:04', '2020-06-17 08:37:04'),
(194, 'المملكة العربية السعودية', 'SAU', '966', NULL, NULL, '2020-06-17 08:37:04', '2020-06-17 08:37:04'),
(195, 'السنغال ', 'SN', '221', NULL, NULL, '2020-06-17 08:37:04', '2020-06-17 08:37:04'),
(196, 'صربيا ', 'RS', '381', NULL, NULL, '2020-06-17 08:37:05', '2020-06-17 08:37:05'),
(197, 'سيشل ', 'SC', '248', NULL, NULL, '2020-06-17 08:37:05', '2020-06-17 08:37:05'),
(198, 'سيراليون ', 'SL', '232', NULL, NULL, '2020-06-17 08:37:05', '2020-06-17 08:37:05'),
(199, 'سنغافورة ', 'SG', '65', NULL, NULL, '2020-06-17 08:37:05', '2020-06-17 08:37:05'),
(200, 'سينت مارتن ', 'SX', '1 721', NULL, NULL, '2020-06-17 08:37:05', '2020-06-17 08:37:05'),
(201, 'سلوفاكيا ', 'SK', '421', NULL, NULL, '2020-06-17 08:37:05', '2020-06-17 08:37:05'),
(202, 'سلوفينيا ', 'SI', '386', NULL, NULL, '2020-06-17 08:37:05', '2020-06-17 08:37:05'),
(203, 'جزر سليمان ', 'SB', '677', NULL, NULL, '2020-06-17 08:37:05', '2020-06-17 08:37:05'),
(204, 'الصومال ', 'SO', '252', NULL, NULL, '2020-06-17 08:37:05', '2020-06-17 08:37:05'),
(205, 'جنوب أفريقيا ', 'ZA', '27', NULL, NULL, '2020-06-17 08:37:05', '2020-06-17 08:37:05'),
(206, 'جورجيا الجنوبية وجزر ساندويتش الجنوبية ', 'GS', 'NULL', NULL, NULL, '2020-06-17 08:37:05', '2020-06-17 08:37:05'),
(207, 'جنوب السودان', 'SS', '211', NULL, NULL, '2020-06-17 08:37:05', '2020-06-17 08:37:05'),
(208, 'إسبانيا ', 'ES', '34', NULL, NULL, '2020-06-17 08:37:05', '2020-06-17 08:37:05'),
(209, 'سريلانكا ', 'LK', '94', NULL, NULL, '2020-06-17 08:37:05', '2020-06-17 08:37:05'),
(210, 'السودان', 'SD', '249', NULL, NULL, '2020-06-17 08:37:05', '2020-06-17 08:37:05'),
(211, 'سورينام ', 'SR', '597', NULL, NULL, '2020-06-17 08:37:05', '2020-06-17 08:37:05'),
(212, 'سفالبارد وجان مايان ', 'SJ', 'NULL', NULL, NULL, '2020-06-17 08:37:05', '2020-06-17 08:37:05'),
(213, 'سوازيلاند ', 'SZ', '268', NULL, NULL, '2020-06-17 08:37:05', '2020-06-17 08:37:05'),
(214, 'السويد ', 'SE', '46', NULL, NULL, '2020-06-17 08:37:05', '2020-06-17 08:37:05'),
(215, 'سويسرا ', 'CH', '41', NULL, NULL, '2020-06-17 08:37:05', '2020-06-17 08:37:05'),
(216, 'سوريا', 'SY', '963', NULL, NULL, '2020-06-17 08:37:05', '2020-06-17 08:37:05'),
(217, 'تايوان ', 'TW', '886', NULL, NULL, '2020-06-17 08:37:05', '2020-06-17 08:37:05'),
(218, 'طاجكستان ', 'TJ', '992', NULL, NULL, '2020-06-17 08:37:05', '2020-06-17 08:37:05'),
(219, 'تانزانيا ', 'TZ', '255', NULL, NULL, '2020-06-17 08:37:05', '2020-06-17 08:37:05'),
(220, 'تايلند ', 'TH', '66', NULL, NULL, '2020-06-17 08:37:05', '2020-06-17 08:37:05'),
(221, 'تيمور الشرقية ', 'TL', '670', NULL, NULL, '2020-06-17 08:37:05', '2020-06-17 08:37:05'),
(222, 'توجو ', 'TG', '228', NULL, NULL, '2020-06-17 08:37:05', '2020-06-17 08:37:05'),
(223, 'توكيلو ', 'TK', '690', NULL, NULL, '2020-06-17 08:37:05', '2020-06-17 08:37:05'),
(224, 'تونغا ', 'TO', '676', NULL, NULL, '2020-06-17 08:37:05', '2020-06-17 08:37:05'),
(225, 'ترينيداد وتوباغو ', 'TT', '1 868', NULL, NULL, '2020-06-17 08:37:05', '2020-06-17 08:37:05'),
(226, 'تونس', 'TN', '216', NULL, NULL, '2020-06-17 08:37:05', '2020-06-17 08:37:05'),
(227, 'تركيا ', 'TR', '90', NULL, NULL, '2020-06-17 08:37:05', '2020-06-17 08:37:05'),
(228, 'تركمانستان ', 'TM', '993', NULL, NULL, '2020-06-17 08:37:05', '2020-06-17 08:37:05'),
(229, 'جزر الترك وجايكوس ', 'TC', '1 649', NULL, NULL, '2020-06-17 08:37:05', '2020-06-17 08:37:05'),
(230, 'توفالو ', 'TV', '688', NULL, NULL, '2020-06-17 08:37:05', '2020-06-17 08:37:05'),
(231, 'أوغندا ', 'UG', '256', NULL, NULL, '2020-06-17 08:37:05', '2020-06-17 08:37:05'),
(232, 'أوكرانيا ', 'UA', '380', NULL, NULL, '2020-06-17 08:37:05', '2020-06-17 08:37:05'),
(233, 'الإمارات العربية المتحدة', 'AE', '971', NULL, NULL, '2020-06-17 08:37:05', '2020-06-17 08:37:05'),
(234, 'المملكة المتحدة ', 'GB', '44', NULL, NULL, '2020-06-17 08:37:05', '2020-06-17 08:37:05'),
(235, 'الولايات المتحدة ', 'US', '1', NULL, NULL, '2020-06-17 08:37:05', '2020-06-17 08:37:05'),
(236, 'جزر الولايات المتحدة البعيدة الصغيرة ', 'UM', 'NULL', NULL, NULL, '2020-06-17 08:37:05', '2020-06-17 08:37:05'),
(237, 'أورغواي ', 'UY', '598', NULL, NULL, '2020-06-17 08:37:05', '2020-06-17 08:37:05'),
(238, 'أوزبكستان ', 'UZ', '998', NULL, NULL, '2020-06-17 08:37:05', '2020-06-17 08:37:05'),
(239, 'فانواتو ', 'VU', '678', NULL, NULL, '2020-06-17 08:37:05', '2020-06-17 08:37:05'),
(240, 'فنزويلا ', 'VE', '58', NULL, NULL, '2020-06-17 08:37:05', '2020-06-17 08:37:05'),
(241, 'فيتنام ', 'VN', '84', NULL, NULL, '2020-06-17 08:37:05', '2020-06-17 08:37:05'),
(242, 'جزر فرجين البريطانية ', 'VG', '1 284', NULL, NULL, '2020-06-17 08:37:05', '2020-06-17 08:37:05'),
(243, 'جزر فرجين الأمريكية ', 'VI', '1 340', NULL, NULL, '2020-06-17 08:37:05', '2020-06-17 08:37:05'),
(244, 'جزر والس وفوتونا ', 'WF', '681', NULL, NULL, '2020-06-17 08:37:05', '2020-06-17 08:37:05'),
(245, 'الصحراء الغربية', 'EH', '212', NULL, NULL, '2020-06-17 08:37:05', '2020-06-17 08:37:05'),
(246, 'اليمن', 'YE', '967', NULL, NULL, '2020-06-17 08:37:05', '2020-06-17 08:37:05'),
(247, 'زامبيا ', 'ZM', '260', NULL, NULL, '2020-06-17 08:37:05', '2020-06-17 08:37:05'),
(248, 'زيمبابوي ', 'ZW', '263', NULL, NULL, '2020-06-17 08:37:05', '2020-06-17 08:37:05'),
(249, '', '', '', NULL, NULL, '2020-06-17 08:37:05', '2020-06-17 08:37:05');

-- --------------------------------------------------------

--
-- Table structure for table `customers`
--

CREATE TABLE `customers` (
  `id` bigint UNSIGNED NOT NULL,
  `first_name` varchar(255) COLLATE utf8mb4_unicode_ci NOT NULL,
  `last_name` varchar(255) COLLATE utf8mb4_unicode_ci NOT NULL,
  `name` varchar(255) CHARACTER SET utf8mb4 COLLATE utf8mb4_unicode_ci DEFAULT NULL,
  `username` varchar(255) COLLATE utf8mb4_unicode_ci DEFAULT NULL,
  `email` varchar(255) COLLATE utf8mb4_unicode_ci DEFAULT NULL,
  `phone` varchar(255) COLLATE utf8mb4_unicode_ci NOT NULL,
  `password` varchar(255) COLLATE utf8mb4_unicode_ci NOT NULL,
  `activated` tinyint(1) NOT NULL DEFAULT '0',
  `remember_token` varchar(100) COLLATE utf8mb4_unicode_ci DEFAULT NULL,
  `deleted_at` timestamp NULL DEFAULT NULL,
  `created_at` timestamp NULL DEFAULT NULL,
  `updated_at` timestamp NULL DEFAULT NULL
) ENGINE=InnoDB DEFAULT CHARSET=utf8mb4 COLLATE=utf8mb4_unicode_ci;

--
-- Dumping data for table `customers`
--

INSERT INTO `customers` (`id`, `first_name`, `last_name`, `name`, `username`, `email`, `phone`, `password`, `activated`, `remember_token`, `deleted_at`, `created_at`, `updated_at`) VALUES
(1, 'Marwan', 'Osama', NULL, 'marwan', 'marwaan.osama8888@gmail.com', '01022418008', '$2y$10$rhgmV8KtBLIGBjk2jNmkieO61avC.0s24D2u0y24.kJuAu1HJGVsa', 1, NULL, NULL, '2022-04-22 23:36:31', '2022-04-22 23:36:31'),
(2, 'Monzer', 'Osama', NULL, 'Monzer Osama', 'monzer.gaga@mail.com', '010222222222', '$2y$10$VG3HhQFN4zyMuHwvlJS8g.0ihrMREcV/t07t/yss1moQLnrHxb./C', 1, NULL, NULL, '2022-04-26 08:15:00', '2022-04-26 08:15:00');

-- --------------------------------------------------------

--
-- Table structure for table `failed_jobs`
--

CREATE TABLE `failed_jobs` (
  `id` bigint UNSIGNED NOT NULL,
  `uuid` varchar(255) COLLATE utf8mb4_unicode_ci NOT NULL,
  `connection` text COLLATE utf8mb4_unicode_ci NOT NULL,
  `queue` text COLLATE utf8mb4_unicode_ci NOT NULL,
  `payload` longtext COLLATE utf8mb4_unicode_ci NOT NULL,
  `exception` longtext COLLATE utf8mb4_unicode_ci NOT NULL,
  `failed_at` timestamp NOT NULL DEFAULT CURRENT_TIMESTAMP
) ENGINE=InnoDB DEFAULT CHARSET=utf8mb4 COLLATE=utf8mb4_unicode_ci;

-- --------------------------------------------------------

--
-- Table structure for table `landing_pages`
--

CREATE TABLE `landing_pages` (
  `id` bigint UNSIGNED NOT NULL,
  `platform_name` varchar(255) COLLATE utf8mb4_unicode_ci NOT NULL,
  `platform_slug` varchar(255) COLLATE utf8mb4_unicode_ci NOT NULL,
  `campain_url` longtext COLLATE utf8mb4_unicode_ci NOT NULL,
  `created_at` timestamp NULL DEFAULT NULL,
  `updated_at` timestamp NULL DEFAULT NULL
) ENGINE=InnoDB DEFAULT CHARSET=utf8mb4 COLLATE=utf8mb4_unicode_ci;

--
-- Dumping data for table `landing_pages`
--

INSERT INTO `landing_pages` (`id`, `platform_name`, `platform_slug`, `campain_url`, `created_at`, `updated_at`) VALUES
(1, 'tik tok', 'tik-tok', '    <blockquote\n      class=\"tiktok-embed\"\n      cite=\"https://www.tiktok.com/@janagate/video/7091301271038201090\"\n      data-video-id=\"7091301271038201090\"\n      style=\"max-width: 605px; min-width: 325px\"\n    >\n      <section>\n        <a\n          target=\"_blank\"\n          title=\"@janagate\"\n          href=\"https://www.tiktok.com/@janagate\"\n          >@janagate</a\n        >\n        <a\n          title=\"جاناجيت\"\n          target=\"_blank\"\n          href=\"https://www.tiktok.com/tag/%D8%AC%D8%A7%D9%86%D8%A7%D8%AC%D9%8A%D8%AA\"\n          >#جاناجيت</a\n        >\n        <a\n          title=\"عيد_سعيد\"\n          target=\"_blank\"\n          href=\"https://www.tiktok.com/tag/%D8%B9%D9%8A%D8%AF_%D8%B3%D8%B9%D9%8A%D8%AF\"\n          >#عيد_سعيد</a\n        >\n        <a\n          title=\"عيد_مبارك\"\n          target=\"_blank\"\n          href=\"https://www.tiktok.com/tag/%D8%B9%D9%8A%D8%AF_%D9%85%D8%A8%D8%A7%D8%B1%D9%83\"\n          >#عيد_مبارك</a\n        >\n        <a\n          title=\"عيد\"\n          target=\"_blank\"\n          href=\"https://www.tiktok.com/tag/%D8%B9%D9%8A%D8%AF\"\n          >#عيد</a\n        >\n        <a\n          title=\"عيدفطرمبارك\"\n          target=\"_blank\"\n          href=\"https://www.tiktok.com/tag/%D8%B9%D9%8A%D8%AF_%D9%81%D8%B7%D8%B1_%D9%85%D8%A8%D8%A7%D8%B1%D9%83\"\n          >#عيدفطرمبارك</a\n        >\n        <a\n          title=\"عيدالفطرالمبارك\"\n          target=\"_blank\"\n          href=\"https://www.tiktok.com/tag/%D8%B9%D9%8A%D8%AF_%D8%A7%D9%84%D9%81%D8%B7%D8%B1_%D8%A7%D9%84%D9%85%D8%A8%D8%A7%D8%B1%D9%83\"\n          >#عيدالفطرالمبارك</a\n        >\n        <a title=\"م\" target=\"_blank\" href=\"https://www.tiktok.com/tag/%D9%85\"\n          >#م</a\n        >\n        <a\n          title=\"السعودية\"\n          target=\"_blank\"\n          href=\"https://www.tiktok.com/tag/%D8%A7%D9%84%D8%B3%D8%B9%D9%88%D8%AF%D9%8A%D8%A9\"\n          >#السعودية</a\n        >\n        <a\n          title=\"الرياض\"\n          target=\"_blank\"\n          href=\"https://www.tiktok.com/tag/%D8%A7%D9%84%D8%B1%D9%8A%D8%A7%D8%B6\"\n          >#الرياض</a\n        >\n        <a\n          target=\"_blank\"\n          title=\"♬ original sound  - Jana gate\"\n          href=\"https://www.tiktok.com/music/original-sound-Jana-gate-7091301255057902337\"\n          >♬ original sound - Jana gate</a\n        >\n      </section>\n    </blockquote>', '2022-04-28 23:58:27', '2022-04-28 23:58:27');

-- --------------------------------------------------------

--
-- Table structure for table `media`
--

CREATE TABLE `media` (
  `id` bigint UNSIGNED NOT NULL,
  `model_type` varchar(255) COLLATE utf8mb4_unicode_ci NOT NULL,
  `model_id` bigint UNSIGNED NOT NULL,
  `uuid` char(36) COLLATE utf8mb4_unicode_ci DEFAULT NULL,
  `collection_name` varchar(255) COLLATE utf8mb4_unicode_ci NOT NULL,
  `name` varchar(255) COLLATE utf8mb4_unicode_ci NOT NULL,
  `file_name` varchar(255) COLLATE utf8mb4_unicode_ci NOT NULL,
  `mime_type` varchar(255) COLLATE utf8mb4_unicode_ci DEFAULT NULL,
  `disk` varchar(255) COLLATE utf8mb4_unicode_ci NOT NULL,
  `conversions_disk` varchar(255) COLLATE utf8mb4_unicode_ci DEFAULT NULL,
  `size` bigint UNSIGNED NOT NULL,
  `manipulations` json NOT NULL,
  `custom_properties` json NOT NULL,
  `generated_conversions` json NOT NULL,
  `responsive_images` json NOT NULL,
  `order_column` int UNSIGNED DEFAULT NULL,
  `created_at` timestamp NULL DEFAULT NULL,
  `updated_at` timestamp NULL DEFAULT NULL
) ENGINE=InnoDB DEFAULT CHARSET=utf8mb4 COLLATE=utf8mb4_unicode_ci;

--
-- Dumping data for table `media`
--

INSERT INTO `media` (`id`, `model_type`, `model_id`, `uuid`, `collection_name`, `name`, `file_name`, `mime_type`, `disk`, `conversions_disk`, `size`, `manipulations`, `custom_properties`, `generated_conversions`, `responsive_images`, `order_column`, `created_at`, `updated_at`) VALUES
(2, 'App\\Models\\Product', 10, '54a4adc6-9379-4741-b6d4-2afd84990e23', 'default', '', '7NrGesBb0TPYX3829bidEIpa30DycL-metaYm94LWJveC0xLnBuZw==-.png', 'image/png', 'public', 'public', 47938, '[]', '[]', '[]', '[]', 2, '2022-04-18 17:09:07', '2022-04-18 17:09:07'),
(3, 'App\\Models\\Product', 10, '8839591c-76fb-422f-8bd4-1ec0166ecf40', 'default', '', 's0C4GNA4wkMRrslcB3m7q5fmXG7vSz-metaYm94LWJveC0yLnBuZw==-.png', 'image/png', 'public', 'public', 40413, '[]', '[]', '[]', '[]', 3, '2022-04-18 17:09:07', '2022-04-18 17:09:07'),
(4, 'App\\Models\\Product', 10, '3045b646-0890-4c33-b3c6-fb4d60236d79', 'default', '', '2rkyqR8SymS3v3MeKan5pGDGVjDKUe-metaYm94LWJveC0zLnBuZw==-.png', 'image/png', 'public', 'public', 50293, '[]', '[]', '[]', '[]', 4, '2022-04-18 17:09:08', '2022-04-18 17:09:08'),
(5, 'App\\Models\\Product', 10, '5b5102a7-783b-46c8-9d39-b9deb43e93ca', 'default', '', 'Aru01qg4kFS2jvoOqy6xPAtnxCOVTG-metaYm94LWJveC00LnBuZw==-.png', 'image/png', 'public', 'public', 32727, '[]', '[]', '[]', '[]', 5, '2022-04-18 17:09:08', '2022-04-18 17:09:08'),
(6, 'App\\Models\\Product', 10, '295768e1-f75f-4e96-89c0-254687c07664', 'default', '', 'k0se9HMksC8PJmrMK8np4RUkgDH8Xx-metaYm94LWJveC01LnBuZw==-.png', 'image/png', 'public', 'public', 33736, '[]', '[]', '[]', '[]', 6, '2022-04-18 17:09:08', '2022-04-18 17:09:08'),
(7, 'App\\Models\\Product', 11, 'bfd4db55-0782-4249-adde-c5e6b60e2dee', 'default', '', '6YXzk0jO8YOiqz9eOWDnRQ0ekFU76P-metaaW1nLTJhaHdhLTEuanBn-.jpg', 'image/jpeg', 'public', 'public', 38474, '[]', '[]', '[]', '[]', 7, '2022-04-18 17:32:01', '2022-04-18 17:32:01'),
(8, 'App\\Models\\Product', 11, 'd4b2fc52-a849-41cc-ac2f-06e402231557', 'default', '', '3OIjNJwYc6c7gYx7y9X2JqYoehMGef-metaaW1nLTJhaHdhLTMuanBn-.jpg', 'image/jpeg', 'public', 'public', 32507, '[]', '[]', '[]', '[]', 8, '2022-04-18 17:32:01', '2022-04-18 17:32:01'),
(9, 'App\\Models\\Product', 11, '79b2cd20-4c2a-4c9e-bb4e-dccf56d3df9c', 'default', '', 'vx9UCrNR2CsviHOOyK1gKGxD7B5WhM-metaaW1nLTJhaHdhLTUuanBn-.jpg', 'image/jpeg', 'public', 'public', 33780, '[]', '[]', '[]', '[]', 9, '2022-04-18 17:32:01', '2022-04-18 17:32:01'),
(10, 'App\\Models\\Product', 11, '7b5dae45-9a7f-4efc-9d81-3bb327aa8b53', 'default', '', '0Dh0DZufupqs6mmNd6MlmeUAlPzPVV-metaaW1nLTJhaHdhLTYuanBn-.jpg', 'image/jpeg', 'public', 'public', 35397, '[]', '[]', '[]', '[]', 10, '2022-04-18 17:32:02', '2022-04-18 17:32:02'),
(11, 'App\\Models\\Product', 11, 'fe64c2d6-1765-42eb-a97c-17bb12d1c834', 'default', '', 'LbLH1xiJmQMjyn87GYemhG6hjajV5L-metaaW1nLTJhaHdhLTguanBn-.jpg', 'image/jpeg', 'public', 'public', 45388, '[]', '[]', '[]', '[]', 11, '2022-04-18 17:32:02', '2022-04-18 17:32:02'),
(12, 'App\\Models\\Product', 12, '522a177a-40e4-4c89-a888-3c83d2dddb7d', 'default', '', 'I44GE9XL4po3mzp7o3MMs46gyf6tUQ-metaaW1nLXNsaWRlLTEucG5n-.png', 'image/png', 'public', 'public', 27538, '[]', '[]', '[]', '[]', 12, '2022-04-18 18:58:54', '2022-04-18 18:58:54'),
(13, 'App\\Models\\Product', 12, '7131e738-121f-4273-bf71-191cc1f3b5cf', 'default', '', 'MIUq1X4WIjszcsJNJANIy4FC8OxWhT-metaaW1nLXNsaWRlLTIucG5n-.png', 'image/png', 'public', 'public', 23394, '[]', '[]', '[]', '[]', 13, '2022-04-18 18:58:54', '2022-04-18 18:58:54'),
(14, 'App\\Models\\Product', 12, 'af1287ec-60b6-4b58-8eff-ad3fcc66926b', 'default', '', 'WjGjOEaWhOcFaJjwFlT4wlPnmYlDmb-metaaW1nLXNsaWRlLTMucG5n-.png', 'image/png', 'public', 'public', 27817, '[]', '[]', '[]', '[]', 14, '2022-04-18 18:58:55', '2022-04-18 18:58:55'),
(15, 'App\\Models\\Product', 12, '6c1b61c2-f9da-429b-98e7-945fbba84075', 'default', '', 'K9EXL63IbkTz5yuix0vthyGhcwwvl4-metaaW1nLXNsaWRlLTQucG5n-.png', 'image/png', 'public', 'public', 21480, '[]', '[]', '[]', '[]', 15, '2022-04-18 18:58:55', '2022-04-18 18:58:55'),
(16, 'App\\Models\\Product', 12, '66dae3de-b271-497a-924b-46c46fb6411e', 'default', '', 'oeelcZgg3ZmDjHvvfwsaAV0zvO0iE1-metaaW1nLXNsaWRlLTUucG5n-.png', 'image/png', 'public', 'public', 30159, '[]', '[]', '[]', '[]', 16, '2022-04-18 18:58:55', '2022-04-18 18:58:55'),
(17, 'App\\Models\\Product', 13, '868a546e-d086-4ba4-a6b9-3e320b9003ae', 'default', '', 'B5iE7NbT9yR75a7nMhvkZwIZNe2ABC-metac2hpcnQgMS5qcGc=-.jpg', 'image/jpeg', 'public', 'public', 15200, '[]', '[]', '[]', '[]', 17, '2022-04-18 20:17:50', '2022-04-18 20:17:50'),
(18, 'App\\Models\\Product', 13, '3e5167c5-3043-45cb-b25b-6f449044f381', 'default', '', '8hzIxvSD5Rh0JVSiZyQOrTTRuYGuJA-metac2hpcnQgMi5qcGc=-.jpg', 'image/jpeg', 'public', 'public', 4451, '[]', '[]', '[]', '[]', 18, '2022-04-18 20:17:50', '2022-04-18 20:17:50'),
(22, 'App\\Models\\Product', 15, 'c0f5e297-a1c6-40d1-8455-bfcb1e7ea0d3', 'default', '', 'rPFAHou9tp5oiBJmZeh2Gg8QsQ2JGb-metaaW1nLTJhaHdhLTEuanBn-.jpg', 'image/jpeg', 'public', 'public', 38474, '[]', '[]', '[]', '[]', 19, '2022-04-18 23:01:04', '2022-04-18 23:01:04'),
(23, 'App\\Models\\Product', 15, '713cc95e-dd24-4010-b93a-e0b3325a3e6d', 'default', '', 'bau7h0Qkhhue19bENPMt5uHEOHsEGO-metaaW1nLTJhaHdhLTMuanBn-.jpg', 'image/jpeg', 'public', 'public', 32507, '[]', '[]', '[]', '[]', 20, '2022-04-18 23:01:04', '2022-04-18 23:01:04'),
(24, 'App\\Models\\Product', 15, '6a713aa5-e488-4258-840a-b63879b74f63', 'default', '', 'dUBmNmGaAp6B9shqjq5lJ2h010KwHU-metaaW1nLTJhaHdhLTUuanBn-.jpg', 'image/jpeg', 'public', 'public', 33780, '[]', '[]', '[]', '[]', 21, '2022-04-18 23:01:04', '2022-04-18 23:01:04'),
(25, 'App\\Models\\Product', 16, 'a750feef-c3a3-40d6-966e-58fc576d3f0c', 'default', '', 'Yl6E5lxCE5C8dBt1PFNwfBa7WyWq4K-metaaW1nLTJhaHdhLTEuanBn-.jpg', 'image/jpeg', 'public', 'public', 38474, '[]', '[]', '[]', '[]', 22, '2022-04-18 23:07:39', '2022-04-18 23:07:39'),
(26, 'App\\Models\\Product', 16, '53f8edce-7aa7-4835-a6b7-90db1cd82c19', 'default', '', 'CY1usyZMHwCOwrvQcna0buON0Bt3DO-metaaW1nLTJhaHdhLTMuanBn-.jpg', 'image/jpeg', 'public', 'public', 32507, '[]', '[]', '[]', '[]', 23, '2022-04-18 23:07:39', '2022-04-18 23:07:39'),
(27, 'App\\Models\\Product', 16, '4a0bbe87-74db-4e27-b81e-c53a20fdb59c', 'default', '', 'MD61wX3v7mCOnCx7bRp9axeBup2D7W-metaaW1nLTJhaHdhLTUuanBn-.jpg', 'image/jpeg', 'public', 'public', 33780, '[]', '[]', '[]', '[]', 24, '2022-04-18 23:07:39', '2022-04-18 23:07:39'),
(28, 'App\\Models\\Product', 16, '534074eb-0768-4fcb-988e-166bd3889eca', 'default', '', 'RBnEj5ioVNSuwjxOxYOXAvPqQBZDp1-metaaW1nLTJhaHdhLTYuanBn-.jpg', 'image/jpeg', 'public', 'public', 35397, '[]', '[]', '[]', '[]', 25, '2022-04-18 23:07:39', '2022-04-18 23:07:39'),
(38, 'App\\Models\\Product', 23, '80186066-a06a-48e2-8ed9-fc98b56959ce', 'default', 'avatar', 'avatar.svg', 'image/svg+xml', 'public', 'public', 1365, '[]', '[]', '[]', '[]', 31, '2022-04-26 02:37:42', '2022-04-26 02:37:42'),
(39, 'App\\Models\\Product', 23, '1bdd8335-c31c-42c4-9260-273a9670576e', 'default', '115-1159599_jeep-uk-twitter-jeep-logo-transparent-background-hd', '115-1159599_jeep-uk-twitter-jeep-logo-transparent-background-hd.png', 'image/jpeg', 'public', 'public', 75376, '[]', '[]', '[]', '[]', 32, '2022-04-26 02:37:42', '2022-04-26 02:37:42'),
(40, 'App\\Models\\Product', 23, 'f46bb536-b682-4bae-b349-dcd274d97eb9', 'default', 'avatar', 'avatar.svg', 'image/svg+xml', 'public', 'public', 1365, '[]', '[]', '[]', '[]', 33, '2022-04-26 02:37:43', '2022-04-26 02:37:43'),
(41, 'App\\Models\\Product', 23, 'ed99c511-571c-47db-807f-406b2c4ab6d1', 'default', 'cap0241_brand_website_images_600x500_main-image-lhs', 'cap0241_brand_website_images_600x500_main-image-lhs.jpg', 'image/jpeg', 'public', 'public', 91317, '[]', '[]', '[]', '[]', 34, '2022-04-26 02:37:43', '2022-04-26 02:37:43'),
(42, 'App\\Models\\Product', 24, '24741829-c5db-497f-bccd-af76c0f9f8b3', 'default', '00dd55', '00dd55.png', 'image/png', 'public', 'public', 2414, '[]', '[]', '[]', '[]', 35, '2022-04-27 23:52:50', '2022-04-27 23:52:50'),
(43, 'App\\Models\\Product', 25, 'cf062065-6561-499c-855a-d162b4ed9d01', 'default', '0011ee', '0011ee.png', 'image/png', 'public', 'public', 2414, '[]', '[]', '[]', '[]', 36, '2022-04-27 23:52:51', '2022-04-27 23:52:51'),
(44, 'App\\Models\\Product', 26, '76f1b35b-2d14-4f79-a8cf-27659251566f', 'default', '0033bb', '0033bb.png', 'image/png', 'public', 'public', 2414, '[]', '[]', '[]', '[]', 37, '2022-04-27 23:52:52', '2022-04-27 23:52:52'),
(45, 'App\\Models\\Product', 27, '370aafc4-1fb9-491b-a363-d1b09291fec2', 'default', '00ccff', '00ccff.png', 'image/png', 'public', 'public', 2414, '[]', '[]', '[]', '[]', 38, '2022-04-27 23:52:52', '2022-04-27 23:52:52'),
(46, 'App\\Models\\Product', 28, 'bb124640-226f-4c7b-8f8a-4d5c0799ab7f', 'default', '007766', '007766.png', 'image/png', 'public', 'public', 2414, '[]', '[]', '[]', '[]', 39, '2022-04-27 23:52:53', '2022-04-27 23:52:53'),
(47, 'App\\Models\\Product', 29, '72f7bd41-f204-49ac-9787-4a961c540980', 'default', '00aacc', '00aacc.png', 'image/png', 'public', 'public', 2414, '[]', '[]', '[]', '[]', 40, '2022-04-27 23:52:53', '2022-04-27 23:52:53'),
(48, 'App\\Models\\Product', 30, '016459d3-a88b-4a19-9eb8-f402016a6d29', 'default', '001122', '001122.png', 'image/png', 'public', 'public', 2414, '[]', '[]', '[]', '[]', 41, '2022-04-27 23:52:54', '2022-04-27 23:52:54'),
(49, 'App\\Models\\Product', 31, 'f404b8ac-c5a6-4940-a4ef-3b2bad64b4a3', 'default', '008866', '008866.png', 'image/png', 'public', 'public', 2414, '[]', '[]', '[]', '[]', 42, '2022-04-27 23:52:55', '2022-04-27 23:52:55'),
(50, 'App\\Models\\Product', 32, 'bbb7413d-6192-434d-b1c0-a0721ec3cf8c', 'default', '00aadd', '00aadd.png', 'image/png', 'public', 'public', 2414, '[]', '[]', '[]', '[]', 43, '2022-04-27 23:52:55', '2022-04-27 23:52:55'),
(51, 'App\\Models\\Product', 33, 'e7b42c79-4b58-45fe-b627-869cdf924be7', 'default', '0077dd', '0077dd.png', 'image/png', 'public', 'public', 2414, '[]', '[]', '[]', '[]', 44, '2022-04-27 23:52:56', '2022-04-27 23:52:56'),
(52, 'App\\Models\\Product', 34, '4b765231-cff0-4c46-9139-959794d56bf0', 'default', '00ddff', '00ddff.png', 'image/png', 'public', 'public', 2414, '[]', '[]', '[]', '[]', 45, '2022-04-27 23:52:56', '2022-04-27 23:52:56'),
(53, 'App\\Models\\Product', 35, 'd946a320-e627-4a4b-9fe2-81ff9bd62f80', 'default', '0055aa', '0055aa.png', 'image/png', 'public', 'public', 2414, '[]', '[]', '[]', '[]', 46, '2022-04-27 23:52:57', '2022-04-27 23:52:57'),
(54, 'App\\Models\\Product', 36, '0b7864c4-0d60-4086-804b-5cfef915b9ca', 'default', '007766', '007766.png', 'image/png', 'public', 'public', 2414, '[]', '[]', '[]', '[]', 47, '2022-04-27 23:52:57', '2022-04-27 23:52:57'),
(55, 'App\\Models\\Product', 37, '9fb7bab4-6eaa-41e7-880a-b2a273182151', 'default', '00cc44', '00cc44.png', 'image/png', 'public', 'public', 2414, '[]', '[]', '[]', '[]', 48, '2022-04-27 23:52:58', '2022-04-27 23:52:58'),
(56, 'App\\Models\\Product', 38, '94934936-e713-4cc2-b4c9-b12c24442281', 'default', '007711', '007711.png', 'image/png', 'public', 'public', 2414, '[]', '[]', '[]', '[]', 49, '2022-04-27 23:52:59', '2022-04-27 23:52:59'),
(57, 'App\\Models\\Product', 39, 'b64d1355-17ce-404a-9139-f3858a6e6b13', 'default', '0088aa', '0088aa.png', 'image/png', 'public', 'public', 2414, '[]', '[]', '[]', '[]', 50, '2022-04-27 23:52:59', '2022-04-27 23:52:59'),
(58, 'App\\Models\\Product', 40, 'f47d92df-86b8-4e66-8326-bfffdad5c731', 'default', '004477', '004477.png', 'image/png', 'public', 'public', 2414, '[]', '[]', '[]', '[]', 51, '2022-04-27 23:53:00', '2022-04-27 23:53:00'),
(59, 'App\\Models\\Product', 41, '05e966b0-b7ed-46f1-90e5-6cf3fb5a5c12', 'default', '00bbcc', '00bbcc.png', 'image/png', 'public', 'public', 2414, '[]', '[]', '[]', '[]', 52, '2022-04-27 23:53:01', '2022-04-27 23:53:01'),
(60, 'App\\Models\\Product', 42, 'fa68f47c-60ba-45a8-b6f0-6ff5f38a90ec', 'default', '005500', '005500.png', 'image/png', 'public', 'public', 2414, '[]', '[]', '[]', '[]', 53, '2022-04-27 23:53:02', '2022-04-27 23:53:02'),
(61, 'App\\Models\\Product', 43, '8641ab37-b040-41aa-9e69-7428ca7d1f67', 'default', '000044', '000044.png', 'image/png', 'public', 'public', 2414, '[]', '[]', '[]', '[]', 54, '2022-04-27 23:53:02', '2022-04-27 23:53:02'),
(62, 'App\\Models\\Product', 44, 'e2d0aa96-2063-4122-8d36-75d0f7c1bf2e', 'default', '005588', '005588.png', 'image/png', 'public', 'public', 2414, '[]', '[]', '[]', '[]', 55, '2022-04-27 23:56:30', '2022-04-27 23:56:30'),
(63, 'App\\Models\\Product', 45, 'a8f5fec2-4d49-48f2-ae4b-e111caf5c385', 'default', '0011ff', '0011ff.png', 'image/png', 'public', 'public', 2414, '[]', '[]', '[]', '[]', 56, '2022-04-27 23:56:31', '2022-04-27 23:56:31'),
(64, 'App\\Models\\Product', 46, '0654a38a-5efb-472b-b78c-7ae3040cb5fa', 'default', '0000aa', '0000aa.png', 'image/png', 'public', 'public', 2414, '[]', '[]', '[]', '[]', 57, '2022-04-27 23:56:32', '2022-04-27 23:56:32'),
(65, 'App\\Models\\Product', 47, '52bdf234-8e9f-4ec9-a9fa-69d124f19441', 'default', '0088aa', '0088aa.png', 'image/png', 'public', 'public', 2414, '[]', '[]', '[]', '[]', 58, '2022-04-27 23:56:32', '2022-04-27 23:56:32'),
(66, 'App\\Models\\Product', 48, '69a9d646-fe6e-4092-bd5b-973c05557677', 'default', '00ee33', '00ee33.png', 'image/png', 'public', 'public', 2414, '[]', '[]', '[]', '[]', 59, '2022-04-27 23:56:33', '2022-04-27 23:56:33'),
(67, 'App\\Models\\Product', 49, '7f8443c2-a1ea-415d-8882-3cdaf4fa20a5', 'default', '00aa88', '00aa88.png', 'image/png', 'public', 'public', 2414, '[]', '[]', '[]', '[]', 60, '2022-04-27 23:56:34', '2022-04-27 23:56:34'),
(68, 'App\\Models\\Product', 50, '60f467fe-d7b1-4f85-acbf-07a9634a25f2', 'default', '006622', '006622.png', 'image/png', 'public', 'public', 2414, '[]', '[]', '[]', '[]', 61, '2022-04-27 23:56:34', '2022-04-27 23:56:34'),
(69, 'App\\Models\\Product', 51, 'd98881c6-7d8f-4ffb-82b8-472a00817cd6', 'default', '000077', '000077.png', 'image/png', 'public', 'public', 2414, '[]', '[]', '[]', '[]', 62, '2022-04-27 23:56:35', '2022-04-27 23:56:35'),
(70, 'App\\Models\\Product', 52, '35638c58-7e67-488d-98a3-765e34f9aaa5', 'default', '001188', '001188.png', 'image/png', 'public', 'public', 2414, '[]', '[]', '[]', '[]', 63, '2022-04-27 23:56:36', '2022-04-27 23:56:36'),
(71, 'App\\Models\\Product', 53, '4781903a-219a-4f1f-8ded-ec5db98e04fd', 'default', '00aaee', '00aaee.png', 'image/png', 'public', 'public', 2414, '[]', '[]', '[]', '[]', 64, '2022-04-27 23:56:36', '2022-04-27 23:56:36'),
(72, 'App\\Models\\Product', 54, '866cfaa2-0d65-47bf-b19a-14939798b14a', 'default', '007711', '007711.png', 'image/png', 'public', 'public', 2414, '[]', '[]', '[]', '[]', 65, '2022-04-27 23:56:37', '2022-04-27 23:56:37'),
(73, 'App\\Models\\Product', 55, '3945dc6f-5f02-445e-8182-a4aeaf5d9895', 'default', '0055aa', '0055aa.png', 'image/png', 'public', 'public', 2414, '[]', '[]', '[]', '[]', 66, '2022-04-27 23:56:38', '2022-04-27 23:56:38'),
(74, 'App\\Models\\Product', 56, '40b6aebb-9a98-474d-b46d-4bf8e7b07a54', 'default', '005500', '005500.png', 'image/png', 'public', 'public', 2414, '[]', '[]', '[]', '[]', 67, '2022-04-27 23:56:39', '2022-04-27 23:56:39'),
(75, 'App\\Models\\Product', 57, 'c4d25ed0-ca30-457c-85f5-df413a039f60', 'default', '0011ff', '0011ff.png', 'image/png', 'public', 'public', 2414, '[]', '[]', '[]', '[]', 68, '2022-04-27 23:56:39', '2022-04-27 23:56:39'),
(76, 'App\\Models\\Product', 58, '46eb7243-16ab-418f-a560-6758858628fb', 'default', '003355', '003355.png', 'image/png', 'public', 'public', 2414, '[]', '[]', '[]', '[]', 69, '2022-04-27 23:56:41', '2022-04-27 23:56:41'),
(77, 'App\\Models\\Product', 59, 'dfb93ea6-af49-41c2-bc9d-f0abec161231', 'default', '005511', '005511.png', 'image/png', 'public', 'public', 2414, '[]', '[]', '[]', '[]', 70, '2022-04-27 23:56:42', '2022-04-27 23:56:42'),
(78, 'App\\Models\\Product', 60, '9e9758ec-eedc-4345-be6c-86e9d843ea4d', 'default', '0000dd', '0000dd.png', 'image/png', 'public', 'public', 2414, '[]', '[]', '[]', '[]', 71, '2022-04-27 23:56:42', '2022-04-27 23:56:42'),
(79, 'App\\Models\\Product', 61, '46f067fb-3fc2-4d3f-ae7d-6b057d626747', 'default', '00eeff', '00eeff.png', 'image/png', 'public', 'public', 2414, '[]', '[]', '[]', '[]', 72, '2022-04-27 23:56:43', '2022-04-27 23:56:43'),
(80, 'App\\Models\\Product', 62, '973dbae6-c309-4375-a5c3-1da54161376d', 'default', '00aaaa', '00aaaa.png', 'image/png', 'public', 'public', 2414, '[]', '[]', '[]', '[]', 73, '2022-04-27 23:56:44', '2022-04-27 23:56:44'),
(81, 'App\\Models\\Product', 63, 'dbddb1c5-8557-4d5e-833d-846385fd5b0a', 'default', '001177', '001177.png', 'image/png', 'public', 'public', 2414, '[]', '[]', '[]', '[]', 74, '2022-04-27 23:56:45', '2022-04-27 23:56:45'),
(82, 'App\\Models\\Product', 64, 'fceb0058-b238-41e5-9770-4bcbdaaac616', 'default', 'cap0241_brand_website_images_600x500_main-image-lhs', 'cap0241_brand_website_images_600x500_main-image-lhs.jpg', 'image/jpeg', 'public', 'public', 91317, '[]', '[]', '[]', '[]', 26, '2022-04-28 01:04:58', '2022-04-28 01:04:58'),
(86, 'App\\Models\\Product', 65, 'b344673f-5fbf-4d7e-9355-71b58d50888b', 'default', 'img-swiber-3', 'img-swiber-3.png', 'image/png', 'public', 'public', 99904, '[]', '[]', '[]', '[]', 75, '2022-04-28 02:12:38', '2022-04-28 02:12:38'),
(87, 'App\\Models\\Product', 65, 'd5e70cd6-0d12-4dc2-b840-a997395b6314', 'default', 'img-slider-productTwo-2', 'img-slider-productTwo-2.png', 'image/png', 'public', 'public', 67039, '[]', '[]', '[]', '[]', 76, '2022-04-28 02:12:39', '2022-04-28 02:12:39'),
(88, 'App\\Models\\Product', 65, 'a6627c4c-4e7d-4473-a783-2d89b45fe123', 'default', 'img-slider-productTwo-6', 'img-slider-productTwo-6.png', 'image/png', 'public', 'public', 63234, '[]', '[]', '[]', '[]', 77, '2022-04-28 02:12:39', '2022-04-28 02:12:39'),
(91, 'App\\Models\\Product', 66, 'b9216cb8-edf3-46ef-9d24-4d638cd6e597', 'default', 'download', 'download.jpeg', 'image/jpeg', 'public', 'public', 4008, '[]', '[]', '[]', '[]', 78, '2022-04-30 00:49:19', '2022-04-30 00:49:19'),
(92, 'App\\Models\\Product', 66, 'd539a735-39a6-48fa-b562-98b7d37b7c1d', 'default', 'download', 'download.jpeg', 'image/jpeg', 'public', 'public', 4008, '[]', '[]', '[]', '[]', 79, '2022-04-30 00:49:19', '2022-04-30 00:49:19'),
(96, 'App\\Models\\Product', 68, '5a5614ac-34cb-421f-a6f3-101215ab9378', 'default', 'download', 'download.jpeg', 'image/jpeg', 'public', 'public', 4008, '[]', '[]', '[]', '[]', 80, '2022-04-30 02:13:03', '2022-04-30 02:13:03'),
(98, 'App\\Models\\Product', 69, '4a7eb098-4033-4dce-8734-8d1fc4789c04', 'default', 'download', 'download.jpeg', 'image/jpeg', 'public', 'public', 4008, '[]', '[]', '[]', '[]', 81, '2022-04-30 02:16:16', '2022-04-30 02:16:16'),
(100, 'App\\Models\\Product', 70, 'ce1f0ada-c42b-4eca-b0a0-ecd8ce0658a6', 'default', 'download', 'download.jpeg', 'image/jpeg', 'public', 'public', 4008, '[]', '[]', '[]', '[]', 82, '2022-04-30 02:19:46', '2022-04-30 02:19:46'),
(101, 'App\\Models\\PendingProduct', 14, 'dc9533a6-1789-4f52-b4e9-c774ac6c791c', 'default', 'download', 'download.jpeg', 'image/jpeg', 'public', 'public', 4008, '[]', '[]', '[]', '[]', 83, '2022-04-30 02:25:22', '2022-04-30 02:25:22'),
(102, 'App\\Models\\PendingProduct', 15, 'b194016f-ab93-4581-aa0b-ff58eee63ff0', 'default', 'download', 'download.jpeg', 'image/jpeg', 'public', 'public', 4008, '[]', '[]', '[]', '[]', 84, '2022-04-30 02:26:27', '2022-04-30 02:26:27'),
(103, 'App\\Models\\PendingProduct', 16, '5a3d764a-3cbe-49fa-b721-965bcae14106', 'default', 'download', 'download.jpeg', 'image/jpeg', 'public', 'public', 4008, '[]', '[]', '[]', '[]', 85, '2022-04-30 02:27:13', '2022-04-30 02:27:13'),
(104, 'App\\Models\\PendingProduct', 17, '5c9e805d-40f7-4996-84d2-0c6cd80112ec', 'default', 'download', 'download.jpeg', 'image/jpeg', 'public', 'public', 4008, '[]', '[]', '[]', '[]', 86, '2022-04-30 02:28:04', '2022-04-30 02:28:04'),
(105, 'App\\Models\\PendingProduct', 18, 'cbd048e2-1868-4b48-9406-b48aaf55fa31', 'default', 'download', 'download.jpeg', 'image/jpeg', 'public', 'public', 4008, '[]', '[]', '[]', '[]', 87, '2022-04-30 02:31:06', '2022-04-30 02:31:06'),
(106, 'App\\Models\\PendingProduct', 19, '0c1c6833-c8be-47cf-bfe3-913954343bce', 'default', 'download', 'download.jpeg', 'image/jpeg', 'public', 'public', 4008, '[]', '[]', '[]', '[]', 88, '2022-04-30 02:32:02', '2022-04-30 02:32:02'),
(107, 'App\\Models\\PendingProduct', 20, '476cd603-377a-4aa6-8399-2c941b7b8fcb', 'default', 'download', 'download.jpeg', 'image/jpeg', 'public', 'public', 4008, '[]', '[]', '[]', '[]', 89, '2022-04-30 02:35:56', '2022-04-30 02:35:56'),
(108, 'App\\Models\\PendingProduct', 21, '9fab0d34-72fe-4910-88c3-b5a5c16eaa49', 'default', 'download', 'download.jpeg', 'image/jpeg', 'public', 'public', 4008, '[]', '[]', '[]', '[]', 90, '2022-04-30 02:47:11', '2022-04-30 02:47:11'),
(109, 'App\\Models\\PendingProduct', 23, '664df452-b721-4e52-a8a9-6cb725c8f2cb', 'default', 'download', 'download.jpeg', 'image/jpeg', 'public', 'public', 4008, '[]', '[]', '[]', '[]', 91, '2022-04-30 02:54:56', '2022-04-30 02:54:56'),
(112, 'App\\Models\\Product', 71, '74c702c4-6595-4d5d-a88e-a6a5f4849efe', 'default', 'download', 'download.jpeg', 'image/jpeg', 'public', 'public', 4008, '[]', '[]', '[]', '[]', 93, '2022-04-30 03:10:29', '2022-04-30 03:10:29'),
(113, 'App\\Models\\PendingProduct', 26, 'e29fe8ec-d13d-4016-8627-dc49b48d4fb3', 'default', 'download', 'download.jpeg', 'image/jpeg', 'public', 'public', 4008, '[]', '[]', '[]', '[]', 94, '2022-04-30 03:11:50', '2022-04-30 03:11:50'),
(115, 'App\\Models\\Product', 72, 'efa89ee4-e006-41bc-831a-3d35a6ad89e9', 'default', 'download', 'download.jpeg', 'image/jpeg', 'public', 'public', 4008, '[]', '[]', '[]', '[]', 95, '2022-04-30 03:13:40', '2022-04-30 03:13:40'),
(117, 'App\\Models\\Product', 73, '2b894b45-9954-460d-9d5c-3d3823fd9dfe', 'default', 'download', 'download.jpeg', 'image/jpeg', 'public', 'public', 4008, '[]', '[]', '[]', '[]', 96, '2022-04-30 18:50:54', '2022-04-30 18:50:54'),
(119, 'App\\Models\\Product', 74, '35ab3fb2-6c2e-4140-90fa-e2f82639f7b4', 'default', 'download', 'download.jpeg', 'image/jpeg', 'public', 'public', 4008, '[]', '[]', '[]', '[]', 97, '2022-04-30 18:58:10', '2022-04-30 18:58:10'),
(121, 'App\\Models\\Product', 75, '9b2d5dc1-6bc1-41ed-a4ea-89dd70a18c40', 'default', 'download', 'download.jpeg', 'image/jpeg', 'public', 'public', 4008, '[]', '[]', '[]', '[]', 98, '2022-04-30 19:02:08', '2022-04-30 19:02:08'),
(123, 'App\\Models\\Product', 76, '717c5dcc-2886-4c5a-bdb5-d875973c7a2b', 'default', 'download', 'download.jpeg', 'image/jpeg', 'public', 'public', 4008, '[]', '[]', '[]', '[]', 99, '2022-04-30 19:14:05', '2022-04-30 19:14:05'),
(124, 'App\\Models\\Product', 77, '558da8f7-ff95-4101-ad55-cc665bfbf042', 'default', 'smile', 'smile.jpg', 'image/jpeg', 'public', 'public', 42045, '[]', '[]', '[]', '[]', 100, '2022-04-30 23:37:37', '2022-04-30 23:37:37'),
(125, 'App\\Models\\Product', 78, 'cf55128f-e633-46fb-9a00-4d3fedc712ca', 'default', 'smile', 'smile.jpg', 'image/jpeg', 'public', 'public', 42045, '[]', '[]', '[]', '[]', 101, '2022-04-30 23:37:37', '2022-04-30 23:37:37'),
(126, 'App\\Models\\Product', 79, '947f795f-a13b-43ae-946e-d1ef5d459fde', 'default', 'smile', 'smile.jpg', 'image/jpeg', 'public', 'public', 42045, '[]', '[]', '[]', '[]', 102, '2022-04-30 23:37:38', '2022-04-30 23:37:38'),
(127, 'App\\Models\\Product', 80, 'fa0f6cd4-fc2b-4366-9c8b-90afdd220187', 'default', 'smile', 'smile.jpg', 'image/jpeg', 'public', 'public', 42045, '[]', '[]', '[]', '[]', 103, '2022-04-30 23:37:39', '2022-04-30 23:37:39'),
(128, 'App\\Models\\Product', 81, '1af997fc-fd2d-4128-9ad2-f3249d400af7', 'default', 'smile', 'smile.jpg', 'image/jpeg', 'public', 'public', 42045, '[]', '[]', '[]', '[]', 104, '2022-04-30 23:37:39', '2022-04-30 23:37:39'),
(129, 'App\\Models\\Product', 82, '38d755a0-36b5-48b9-a5c5-1700e0c2029f', 'default', 'smile', 'smile.jpg', 'image/jpeg', 'public', 'public', 42045, '[]', '[]', '[]', '[]', 105, '2022-04-30 23:37:40', '2022-04-30 23:37:40'),
(130, 'App\\Models\\Product', 83, 'e123ab8f-ca3c-4bdf-af8a-f6a906dc49d8', 'default', 'smile', 'smile.jpg', 'image/jpeg', 'public', 'public', 42045, '[]', '[]', '[]', '[]', 106, '2022-04-30 23:37:41', '2022-04-30 23:37:41'),
(131, 'App\\Models\\Product', 84, '7feaa801-b1f3-4289-8aff-af78e8b0bfdf', 'default', 'smile', 'smile.jpg', 'image/jpeg', 'public', 'public', 42045, '[]', '[]', '[]', '[]', 107, '2022-04-30 23:37:41', '2022-04-30 23:37:41'),
(132, 'App\\Models\\Product', 85, '0425910f-c454-48b2-ac3c-d7be96dca734', 'default', 'smile', 'smile.jpg', 'image/jpeg', 'public', 'public', 42045, '[]', '[]', '[]', '[]', 108, '2022-04-30 23:37:42', '2022-04-30 23:37:42'),
(133, 'App\\Models\\Product', 86, 'c43b1a7a-d075-400a-9985-92a6edb7821d', 'default', 'smile', 'smile.jpg', 'image/jpeg', 'public', 'public', 42045, '[]', '[]', '[]', '[]', 109, '2022-04-30 23:37:43', '2022-04-30 23:37:43'),
(134, 'App\\Models\\Product', 87, 'f01e121e-f77c-4e82-9978-93d8b935917e', 'default', 'smile', 'smile.jpg', 'image/jpeg', 'public', 'public', 42045, '[]', '[]', '[]', '[]', 110, '2022-04-30 23:37:43', '2022-04-30 23:37:43'),
(135, 'App\\Models\\Product', 88, '6bf854cc-89d1-4d2f-b090-c17e12d92b55', 'default', 'smile', 'smile.jpg', 'image/jpeg', 'public', 'public', 42045, '[]', '[]', '[]', '[]', 111, '2022-04-30 23:37:44', '2022-04-30 23:37:44'),
(136, 'App\\Models\\Product', 89, '44a7a17f-432a-4167-8d99-2de7d7d4e79e', 'default', 'smile', 'smile.jpg', 'image/jpeg', 'public', 'public', 42045, '[]', '[]', '[]', '[]', 112, '2022-04-30 23:37:45', '2022-04-30 23:37:45'),
(137, 'App\\Models\\Product', 90, 'b38f9096-2ac2-41ff-9a1c-74cffb167727', 'default', 'smile', 'smile.jpg', 'image/jpeg', 'public', 'public', 42045, '[]', '[]', '[]', '[]', 113, '2022-04-30 23:37:46', '2022-04-30 23:37:46'),
(138, 'App\\Models\\Product', 91, '32c18280-e942-4e88-b0c2-0c3ba064c23d', 'default', 'smile', 'smile.jpg', 'image/jpeg', 'public', 'public', 42045, '[]', '[]', '[]', '[]', 114, '2022-04-30 23:37:46', '2022-04-30 23:37:46'),
(139, 'App\\Models\\Product', 92, '407eb9f2-dd28-486b-9678-95b6beaca493', 'default', 'smile', 'smile.jpg', 'image/jpeg', 'public', 'public', 42045, '[]', '[]', '[]', '[]', 115, '2022-04-30 23:37:47', '2022-04-30 23:37:47'),
(140, 'App\\Models\\Product', 93, '2db65643-0aaf-4acf-8b93-e466970c19f9', 'default', 'smile', 'smile.jpg', 'image/jpeg', 'public', 'public', 42045, '[]', '[]', '[]', '[]', 116, '2022-04-30 23:37:48', '2022-04-30 23:37:48'),
(141, 'App\\Models\\Product', 94, '5065b235-38da-44f6-8009-60bedc525643', 'default', 'smile', 'smile.jpg', 'image/jpeg', 'public', 'public', 42045, '[]', '[]', '[]', '[]', 117, '2022-04-30 23:37:49', '2022-04-30 23:37:49'),
(142, 'App\\Models\\Product', 95, '6a175d76-8927-45f7-bb33-0dc39872b84b', 'default', 'smile', 'smile.jpg', 'image/jpeg', 'public', 'public', 42045, '[]', '[]', '[]', '[]', 118, '2022-04-30 23:37:49', '2022-04-30 23:37:49'),
(143, 'App\\Models\\Product', 96, '7382a1ca-8d5c-4fa8-a22e-14378a5ea3d5', 'default', 'smile', 'smile.jpg', 'image/jpeg', 'public', 'public', 42045, '[]', '[]', '[]', '[]', 119, '2022-04-30 23:37:50', '2022-04-30 23:37:50'),
(144, 'App\\Models\\Product', 97, 'ca824122-c6f4-484a-9871-772e5e4e3a88', 'default', 'smile', 'smile.jpg', 'image/jpeg', 'public', 'public', 42045, '[]', '[]', '[]', '[]', 120, '2022-04-30 23:38:49', '2022-04-30 23:38:49'),
(145, 'App\\Models\\Product', 98, '7ce1db79-31a0-4dc7-a64e-1078e4f4f419', 'default', 'smile', 'smile.jpg', 'image/jpeg', 'public', 'public', 42045, '[]', '[]', '[]', '[]', 121, '2022-04-30 23:38:50', '2022-04-30 23:38:50'),
(146, 'App\\Models\\Product', 99, '0f1fc81f-6d8a-4f1f-987f-5ad4209ef0a1', 'default', 'smile', 'smile.jpg', 'image/jpeg', 'public', 'public', 42045, '[]', '[]', '[]', '[]', 122, '2022-04-30 23:38:51', '2022-04-30 23:38:51'),
(147, 'App\\Models\\Product', 100, '02e26453-4246-4a96-a402-7f6d8d1e4bd0', 'default', 'smile', 'smile.jpg', 'image/jpeg', 'public', 'public', 42045, '[]', '[]', '[]', '[]', 123, '2022-04-30 23:38:51', '2022-04-30 23:38:51'),
(148, 'App\\Models\\Product', 101, 'b2b02c7f-c2b2-4748-8d37-abc408aa32b7', 'default', 'smile', 'smile.jpg', 'image/jpeg', 'public', 'public', 42045, '[]', '[]', '[]', '[]', 124, '2022-04-30 23:38:53', '2022-04-30 23:38:53'),
(149, 'App\\Models\\Product', 102, 'bd956102-3075-43df-a59a-c19ff100387b', 'default', 'smile', 'smile.jpg', 'image/jpeg', 'public', 'public', 42045, '[]', '[]', '[]', '[]', 125, '2022-04-30 23:38:54', '2022-04-30 23:38:54'),
(150, 'App\\Models\\Product', 103, '3a1bf3df-1941-4acf-b3e6-dacd86d732cf', 'default', 'smile', 'smile.jpg', 'image/jpeg', 'public', 'public', 42045, '[]', '[]', '[]', '[]', 126, '2022-04-30 23:38:57', '2022-04-30 23:38:57'),
(151, 'App\\Models\\Product', 104, '13f3c025-dbbe-4476-b4fb-efc9108d00fd', 'default', 'smile', 'smile.jpg', 'image/jpeg', 'public', 'public', 42045, '[]', '[]', '[]', '[]', 127, '2022-04-30 23:38:58', '2022-04-30 23:38:58'),
(152, 'App\\Models\\Product', 105, '63ba44f3-d9da-4b34-b7fc-0975c7bbd183', 'default', 'smile', 'smile.jpg', 'image/jpeg', 'public', 'public', 42045, '[]', '[]', '[]', '[]', 128, '2022-04-30 23:38:59', '2022-04-30 23:38:59'),
(153, 'App\\Models\\Product', 106, '454f628f-bf5d-4db2-818f-6c9448653438', 'default', 'smile', 'smile.jpg', 'image/jpeg', 'public', 'public', 42045, '[]', '[]', '[]', '[]', 129, '2022-04-30 23:39:00', '2022-04-30 23:39:00'),
(154, 'App\\Models\\Product', 107, '655deddb-ede9-4342-9e4e-0a880b898d91', 'default', '31 kK0vzt4L._AC_SY350_', '31-kK0vzt4L._AC_SY350_.jpg', 'image/jpeg', 'public', 'public', 8419, '[]', '[]', '[]', '[]', 130, '2022-04-30 23:39:10', '2022-04-30 23:39:10'),
(155, 'App\\Models\\Product', 108, '00d5f1c2-ff08-43f3-b829-65a3b668e63b', 'default', '31 kK0vzt4L._AC_SY350_', '31-kK0vzt4L._AC_SY350_.jpg', 'image/jpeg', 'public', 'public', 8419, '[]', '[]', '[]', '[]', 131, '2022-04-30 23:39:11', '2022-04-30 23:39:11'),
(156, 'App\\Models\\Product', 109, 'd0786035-cef2-4357-8d25-fd396517b165', 'default', '31 kK0vzt4L._AC_SY350_', '31-kK0vzt4L._AC_SY350_.jpg', 'image/jpeg', 'public', 'public', 8419, '[]', '[]', '[]', '[]', 132, '2022-04-30 23:39:11', '2022-04-30 23:39:11'),
(157, 'App\\Models\\Product', 110, 'cc7848ef-6129-4d5e-a4f2-49a0ddcf2536', 'default', '31 kK0vzt4L._AC_SY350_', '31-kK0vzt4L._AC_SY350_.jpg', 'image/jpeg', 'public', 'public', 8419, '[]', '[]', '[]', '[]', 133, '2022-04-30 23:39:12', '2022-04-30 23:39:12'),
(158, 'App\\Models\\Product', 111, '08344ec9-958b-43c1-ac5e-b919fe1b7a26', 'default', '31 kK0vzt4L._AC_SY350_', '31-kK0vzt4L._AC_SY350_.jpg', 'image/jpeg', 'public', 'public', 8419, '[]', '[]', '[]', '[]', 134, '2022-04-30 23:39:12', '2022-04-30 23:39:12'),
(159, 'App\\Models\\Product', 112, '8c20a69c-803e-450a-8394-4264bd0caae7', 'default', '31 kK0vzt4L._AC_SY350_', '31-kK0vzt4L._AC_SY350_.jpg', 'image/jpeg', 'public', 'public', 8419, '[]', '[]', '[]', '[]', 135, '2022-04-30 23:39:13', '2022-04-30 23:39:13'),
(160, 'App\\Models\\Product', 113, 'eb525a1e-18ff-4a54-afc8-1086a25100f2', 'default', '31 kK0vzt4L._AC_SY350_', '31-kK0vzt4L._AC_SY350_.jpg', 'image/jpeg', 'public', 'public', 8419, '[]', '[]', '[]', '[]', 136, '2022-04-30 23:39:14', '2022-04-30 23:39:14'),
(161, 'App\\Models\\Product', 114, '3d2770be-8ce8-4793-a978-a915248d2e86', 'default', '31 kK0vzt4L._AC_SY350_', '31-kK0vzt4L._AC_SY350_.jpg', 'image/jpeg', 'public', 'public', 8419, '[]', '[]', '[]', '[]', 137, '2022-04-30 23:39:15', '2022-04-30 23:39:15'),
(162, 'App\\Models\\Product', 115, 'b7f6af01-74ae-40cc-b1c2-31bd8adc9554', 'default', '31 kK0vzt4L._AC_SY350_', '31-kK0vzt4L._AC_SY350_.jpg', 'image/jpeg', 'public', 'public', 8419, '[]', '[]', '[]', '[]', 138, '2022-04-30 23:39:15', '2022-04-30 23:39:15'),
(163, 'App\\Models\\Product', 116, '6e8a1b4c-57e8-4503-8349-d650b296f715', 'default', '31 kK0vzt4L._AC_SY350_', '31-kK0vzt4L._AC_SY350_.jpg', 'image/jpeg', 'public', 'public', 8419, '[]', '[]', '[]', '[]', 139, '2022-04-30 23:39:16', '2022-04-30 23:39:16'),
(164, 'App\\Models\\Product', 117, '8005eced-61d5-48c8-88fd-f0ca63d291cb', 'default', '17791658_37523001_300', '17791658_37523001_300.jpg', 'image/jpeg', 'public', 'public', 5616, '[]', '[]', '[]', '[]', 140, '2022-04-30 23:39:23', '2022-04-30 23:39:23'),
(165, 'App\\Models\\Product', 118, '6b8349b6-d86e-466d-bf16-3813a83e97fb', 'default', '17791658_37523001_300', '17791658_37523001_300.jpg', 'image/jpeg', 'public', 'public', 5616, '[]', '[]', '[]', '[]', 141, '2022-04-30 23:39:24', '2022-04-30 23:39:24'),
(166, 'App\\Models\\Product', 119, '8c6cd635-3a7d-4717-993d-b1b427ee0684', 'default', '17791658_37523001_300', '17791658_37523001_300.jpg', 'image/jpeg', 'public', 'public', 5616, '[]', '[]', '[]', '[]', 142, '2022-04-30 23:39:25', '2022-04-30 23:39:25'),
(167, 'App\\Models\\Product', 120, 'c6a7bc86-add9-4e8c-971f-1544d0d78105', 'default', '17791658_37523001_300', '17791658_37523001_300.jpg', 'image/jpeg', 'public', 'public', 5616, '[]', '[]', '[]', '[]', 143, '2022-04-30 23:39:26', '2022-04-30 23:39:26'),
(168, 'App\\Models\\Product', 121, 'f997df06-8e48-48ee-a9e4-45c1df5e331f', 'default', '17791658_37523001_300', '17791658_37523001_300.jpg', 'image/jpeg', 'public', 'public', 5616, '[]', '[]', '[]', '[]', 144, '2022-04-30 23:39:27', '2022-04-30 23:39:27'),
(169, 'App\\Models\\Product', 122, 'cfa5b7ea-9831-479b-befe-1c4bd881e04b', 'default', '17791658_37523001_300', '17791658_37523001_300.jpg', 'image/jpeg', 'public', 'public', 5616, '[]', '[]', '[]', '[]', 145, '2022-04-30 23:39:27', '2022-04-30 23:39:27'),
(170, 'App\\Models\\Product', 123, 'fe913bb1-7e7b-4346-b2cb-ffaceff6e945', 'default', '17791658_37523001_300', '17791658_37523001_300.jpg', 'image/jpeg', 'public', 'public', 5616, '[]', '[]', '[]', '[]', 146, '2022-04-30 23:39:28', '2022-04-30 23:39:28'),
(171, 'App\\Models\\Product', 124, '80913acf-080f-4d69-ab9a-55dd222ba021', 'default', '17791658_37523001_300', '17791658_37523001_300.jpg', 'image/jpeg', 'public', 'public', 5616, '[]', '[]', '[]', '[]', 147, '2022-04-30 23:39:29', '2022-04-30 23:39:29'),
(172, 'App\\Models\\Product', 125, '6e5eccb2-1388-4dd5-93a0-8d5c074540ed', 'default', '17791658_37523001_300', '17791658_37523001_300.jpg', 'image/jpeg', 'public', 'public', 5616, '[]', '[]', '[]', '[]', 148, '2022-04-30 23:39:30', '2022-04-30 23:39:30'),
(173, 'App\\Models\\Product', 126, 'fc86340c-443f-4619-8329-87cfe96fc811', 'default', '17791658_37523001_300', '17791658_37523001_300.jpg', 'image/jpeg', 'public', 'public', 5616, '[]', '[]', '[]', '[]', 149, '2022-04-30 23:39:30', '2022-04-30 23:39:30'),
(174, 'App\\Models\\Product', 127, '1ec17d5e-a93e-4212-92de-ea9884c69ffa', 'default', '31 kK0vzt4L._AC_SY350_', '31-kK0vzt4L._AC_SY350_.jpg', 'image/jpeg', 'public', 'public', 8419, '[]', '[]', '[]', '[]', 150, '2022-04-30 23:42:54', '2022-04-30 23:42:54'),
(175, 'App\\Models\\Product', 128, 'f1d47440-5eba-4afb-9a76-c1982ee690b9', 'default', '31 kK0vzt4L._AC_SY350_', '31-kK0vzt4L._AC_SY350_.jpg', 'image/jpeg', 'public', 'public', 8419, '[]', '[]', '[]', '[]', 151, '2022-04-30 23:42:55', '2022-04-30 23:42:55'),
(176, 'App\\Models\\Product', 129, '5e4d4f5e-33c6-4879-916a-0a7dbdaab125', 'default', '31 kK0vzt4L._AC_SY350_', '31-kK0vzt4L._AC_SY350_.jpg', 'image/jpeg', 'public', 'public', 8419, '[]', '[]', '[]', '[]', 152, '2022-04-30 23:42:56', '2022-04-30 23:42:56'),
(177, 'App\\Models\\Product', 130, '01e48015-65bd-4f5f-8155-2343877b4cde', 'default', '31 kK0vzt4L._AC_SY350_', '31-kK0vzt4L._AC_SY350_.jpg', 'image/jpeg', 'public', 'public', 8419, '[]', '[]', '[]', '[]', 153, '2022-04-30 23:42:57', '2022-04-30 23:42:57'),
(178, 'App\\Models\\Product', 131, '133f20f5-c25a-462f-a551-bb9ede236db7', 'default', '31 kK0vzt4L._AC_SY350_', '31-kK0vzt4L._AC_SY350_.jpg', 'image/jpeg', 'public', 'public', 8419, '[]', '[]', '[]', '[]', 154, '2022-04-30 23:42:57', '2022-04-30 23:42:57'),
(179, 'App\\Models\\Product', 132, '63cff9d4-365c-4908-8800-fcf04f18d5e6', 'default', '31 kK0vzt4L._AC_SY350_', '31-kK0vzt4L._AC_SY350_.jpg', 'image/jpeg', 'public', 'public', 8419, '[]', '[]', '[]', '[]', 155, '2022-04-30 23:42:58', '2022-04-30 23:42:58'),
(180, 'App\\Models\\Product', 133, '2e20b877-3430-47db-9b36-216007ed37bf', 'default', '31 kK0vzt4L._AC_SY350_', '31-kK0vzt4L._AC_SY350_.jpg', 'image/jpeg', 'public', 'public', 8419, '[]', '[]', '[]', '[]', 156, '2022-04-30 23:42:59', '2022-04-30 23:42:59'),
(181, 'App\\Models\\Product', 134, '51190b32-5cb9-4691-923d-e313af41759b', 'default', '31 kK0vzt4L._AC_SY350_', '31-kK0vzt4L._AC_SY350_.jpg', 'image/jpeg', 'public', 'public', 8419, '[]', '[]', '[]', '[]', 157, '2022-04-30 23:43:00', '2022-04-30 23:43:00'),
(182, 'App\\Models\\Product', 135, '99e30efa-87bf-4ce4-bedf-943387d11a69', 'default', '31 kK0vzt4L._AC_SY350_', '31-kK0vzt4L._AC_SY350_.jpg', 'image/jpeg', 'public', 'public', 8419, '[]', '[]', '[]', '[]', 158, '2022-04-30 23:43:01', '2022-04-30 23:43:01'),
(183, 'App\\Models\\Product', 136, '67ac271c-a8d7-45bd-8e8b-c845073bcce6', 'default', '31 kK0vzt4L._AC_SY350_', '31-kK0vzt4L._AC_SY350_.jpg', 'image/jpeg', 'public', 'public', 8419, '[]', '[]', '[]', '[]', 159, '2022-04-30 23:43:02', '2022-04-30 23:43:02'),
(184, 'App\\Models\\Product', 137, '241fc818-f658-407a-9c1d-7c3af04c8ea7', 'default', '17791658_37523001_300', '17791658_37523001_300.jpg', 'image/jpeg', 'public', 'public', 5616, '[]', '[]', '[]', '[]', 160, '2022-04-30 23:43:20', '2022-04-30 23:43:20'),
(185, 'App\\Models\\Product', 138, 'b901fde7-eaf8-4e0d-aa76-aa8f401baa49', 'default', '17791658_37523001_300', '17791658_37523001_300.jpg', 'image/jpeg', 'public', 'public', 5616, '[]', '[]', '[]', '[]', 161, '2022-04-30 23:43:21', '2022-04-30 23:43:21'),
(186, 'App\\Models\\Product', 139, '626e2893-7903-4c5b-adef-d11dc5215265', 'default', '17791658_37523001_300', '17791658_37523001_300.jpg', 'image/jpeg', 'public', 'public', 5616, '[]', '[]', '[]', '[]', 162, '2022-04-30 23:43:22', '2022-04-30 23:43:22'),
(187, 'App\\Models\\Product', 140, '5bf8506b-7fc8-41a9-a340-6b7bfb96884d', 'default', '17791658_37523001_300', '17791658_37523001_300.jpg', 'image/jpeg', 'public', 'public', 5616, '[]', '[]', '[]', '[]', 163, '2022-04-30 23:43:23', '2022-04-30 23:43:23'),
(188, 'App\\Models\\Product', 141, '7a3d446e-a74c-466a-b891-1c06ff394ffc', 'default', '17791658_37523001_300', '17791658_37523001_300.jpg', 'image/jpeg', 'public', 'public', 5616, '[]', '[]', '[]', '[]', 164, '2022-04-30 23:43:24', '2022-04-30 23:43:24'),
(189, 'App\\Models\\Product', 142, 'dcf3b96b-2e7a-4879-b9ed-cdb268be2a94', 'default', '17791658_37523001_300', '17791658_37523001_300.jpg', 'image/jpeg', 'public', 'public', 5616, '[]', '[]', '[]', '[]', 165, '2022-04-30 23:43:24', '2022-04-30 23:43:24'),
(190, 'App\\Models\\Product', 143, '38b18599-7d98-4bb7-9f03-59509b26d36b', 'default', '17791658_37523001_300', '17791658_37523001_300.jpg', 'image/jpeg', 'public', 'public', 5616, '[]', '[]', '[]', '[]', 166, '2022-04-30 23:43:25', '2022-04-30 23:43:25'),
(191, 'App\\Models\\Product', 144, 'c2726b5a-40fe-4ff5-82e4-1a5b57f3d4a4', 'default', '17791658_37523001_300', '17791658_37523001_300.jpg', 'image/jpeg', 'public', 'public', 5616, '[]', '[]', '[]', '[]', 167, '2022-04-30 23:43:25', '2022-04-30 23:43:25'),
(192, 'App\\Models\\Product', 145, '627a4b31-2308-4e2b-aedd-5e7834c5ef1d', 'default', '17791658_37523001_300', '17791658_37523001_300.jpg', 'image/jpeg', 'public', 'public', 5616, '[]', '[]', '[]', '[]', 168, '2022-04-30 23:43:26', '2022-04-30 23:43:26'),
(193, 'App\\Models\\Product', 146, 'b56f60f0-16c9-44f5-b521-97be89b8698d', 'default', '17791658_37523001_300', '17791658_37523001_300.jpg', 'image/jpeg', 'public', 'public', 5616, '[]', '[]', '[]', '[]', 169, '2022-04-30 23:43:27', '2022-04-30 23:43:27'),
(194, 'App\\Models\\Product', 147, '3029d7eb-aa4b-4c93-88c2-e668fe5862a7', 'default', '61-500x500', '61-500x500.jpg', 'image/jpeg', 'public', 'public', 14066, '[]', '[]', '[]', '[]', 170, '2022-04-30 23:43:34', '2022-04-30 23:43:34'),
(195, 'App\\Models\\Product', 148, 'dfed4152-40b1-472f-832f-f0da654d9454', 'default', '61-500x500', '61-500x500.jpg', 'image/jpeg', 'public', 'public', 14066, '[]', '[]', '[]', '[]', 171, '2022-04-30 23:43:35', '2022-04-30 23:43:35'),
(196, 'App\\Models\\Product', 149, '15ac61a1-5c71-4751-932d-30d09bbdbb35', 'default', '61-500x500', '61-500x500.jpg', 'image/jpeg', 'public', 'public', 14066, '[]', '[]', '[]', '[]', 172, '2022-04-30 23:43:36', '2022-04-30 23:43:36'),
(197, 'App\\Models\\Product', 150, '93974aee-57f5-4efd-a20c-81ff03abff4f', 'default', '61-500x500', '61-500x500.jpg', 'image/jpeg', 'public', 'public', 14066, '[]', '[]', '[]', '[]', 173, '2022-04-30 23:43:36', '2022-04-30 23:43:36'),
(198, 'App\\Models\\Product', 151, '34975bf4-bccb-414d-8e7f-704a04135b38', 'default', '61-500x500', '61-500x500.jpg', 'image/jpeg', 'public', 'public', 14066, '[]', '[]', '[]', '[]', 174, '2022-04-30 23:43:37', '2022-04-30 23:43:37'),
(199, 'App\\Models\\Product', 152, 'f89ac991-af50-4131-b161-ba8d2848ba48', 'default', '61-500x500', '61-500x500.jpg', 'image/jpeg', 'public', 'public', 14066, '[]', '[]', '[]', '[]', 175, '2022-04-30 23:43:37', '2022-04-30 23:43:37'),
(200, 'App\\Models\\Product', 153, 'da7e36aa-38d8-49b5-8e4a-34ae7b4059d5', 'default', '61-500x500', '61-500x500.jpg', 'image/jpeg', 'public', 'public', 14066, '[]', '[]', '[]', '[]', 176, '2022-04-30 23:43:38', '2022-04-30 23:43:38'),
(201, 'App\\Models\\Product', 154, 'b923796a-a314-4d5f-8476-d72758cc8e00', 'default', '61-500x500', '61-500x500.jpg', 'image/jpeg', 'public', 'public', 14066, '[]', '[]', '[]', '[]', 177, '2022-04-30 23:43:38', '2022-04-30 23:43:38'),
(202, 'App\\Models\\Product', 155, '452fad98-68fc-4be7-a10a-ebe62a01bbf1', 'default', '61-500x500', '61-500x500.jpg', 'image/jpeg', 'public', 'public', 14066, '[]', '[]', '[]', '[]', 178, '2022-04-30 23:43:39', '2022-04-30 23:43:39'),
(203, 'App\\Models\\Product', 156, '2d859aca-ba33-46d7-a971-8b5adc78971c', 'default', '61-500x500', '61-500x500.jpg', 'image/jpeg', 'public', 'public', 14066, '[]', '[]', '[]', '[]', 179, '2022-04-30 23:43:39', '2022-04-30 23:43:39'),
(205, 'App\\Models\\Product', 157, '8d8e4af5-a6ad-4115-8ce5-b4e689b9468a', 'default', 'download', 'download.jpeg', 'image/jpeg', 'public', 'public', 4008, '[]', '[]', '[]', '[]', 180, '2022-04-30 23:51:23', '2022-04-30 23:51:23'),
(206, 'App\\Models\\Product', 158, '8e5bacc6-7bcf-4c3a-b795-21f98aea463e', 'default', 'download', 'download.jpeg', 'image/jpeg', 'public', 'public', 4008, '[]', '[]', '[]', '[]', 92, '2022-05-01 00:14:57', '2022-05-01 00:14:57');

-- --------------------------------------------------------

--
-- Table structure for table `migrations`
--

CREATE TABLE `migrations` (
  `id` int UNSIGNED NOT NULL,
  `migration` varchar(255) COLLATE utf8mb4_unicode_ci NOT NULL,
  `batch` int NOT NULL
) ENGINE=InnoDB DEFAULT CHARSET=utf8mb4 COLLATE=utf8mb4_unicode_ci;

--
-- Dumping data for table `migrations`
--

INSERT INTO `migrations` (`id`, `migration`, `batch`) VALUES
(1, '2014_10_12_000000_create_users_table', 1),
(2, '2014_10_12_100000_create_password_resets_table', 1),
(3, '2019_08_19_000000_create_failed_jobs_table', 1),
(4, '2019_12_14_000001_create_personal_access_tokens_table', 1),
(5, '2022_03_05_154933_create_categories_table', 1),
(6, '2022_03_05_154933_create_product_categories_table', 1),
(7, '2022_03_05_154933_create_products_table', 1),
(8, '2022_03_20_071252_cart_items', 1),
(10, '2022_04_13_151615_create_carts', 1),
(12, '2022_04_13_161046_create_media_table', 1),
(13, '2022_04_16_021657_create_sub_categories_table', 2),
(14, '2022_04_16_072922_subcategory_product', 3),
(15, '2022_04_18_003529_create_product_props_table', 4),
(17, '2022_04_18_065246_create_customers_table', 5),
(19, '2022_04_18_065519_create_vendors_table', 6),
(21, '2022_04_22_234924_create_pending_products_table', 7),
(22, '2020_10_03_171807_create_countries_table', 8),
(30, '2020_10_03_171841_create_cities_table', 9),
(31, '2021_04_14_130712_create_areas_table', 9),
(32, '2022_03_20_071741_orders', 9),
(35, '2022_04_23_182045_create_order_items_table', 10),
(36, '2022_04_26_050623_create_landing_pages_table', 10),
(37, '2022_04_28_182439_create_contacts_table', 10);

-- --------------------------------------------------------

--
-- Table structure for table `orders`
--

CREATE TABLE `orders` (
  `id` bigint UNSIGNED NOT NULL,
  `order_number` varchar(255) COLLATE utf8mb4_unicode_ci NOT NULL,
  `user_id` int UNSIGNED NOT NULL,
  `bank_transaction_id` varchar(255) COLLATE utf8mb4_unicode_ci NOT NULL,
  `status` varchar(255) COLLATE utf8mb4_unicode_ci NOT NULL DEFAULT 'pending',
  `grand_total` decimal(20,6) NOT NULL,
  `item_count` int UNSIGNED NOT NULL,
  `payment_status` tinyint(1) NOT NULL DEFAULT '1',
  `payment_method` varchar(255) COLLATE utf8mb4_unicode_ci DEFAULT NULL,
  `first_name` varchar(255) COLLATE utf8mb4_unicode_ci NOT NULL,
  `last_name` varchar(255) COLLATE utf8mb4_unicode_ci NOT NULL,
  `address` text COLLATE utf8mb4_unicode_ci NOT NULL,
  `city` varchar(255) COLLATE utf8mb4_unicode_ci NOT NULL,
  `country` varchar(255) COLLATE utf8mb4_unicode_ci NOT NULL,
  `phone_number` varchar(255) COLLATE utf8mb4_unicode_ci NOT NULL,
  `notes` text COLLATE utf8mb4_unicode_ci,
  `created_at` timestamp NULL DEFAULT NULL,
  `updated_at` timestamp NULL DEFAULT NULL
) ENGINE=InnoDB DEFAULT CHARSET=utf8mb4 COLLATE=utf8mb4_unicode_ci;

--
-- Dumping data for table `orders`
--

INSERT INTO `orders` (`id`, `order_number`, `user_id`, `bank_transaction_id`, `status`, `grand_total`, `item_count`, `payment_status`, `payment_method`, `first_name`, `last_name`, `address`, `city`, `country`, `phone_number`, `notes`, `created_at`, `updated_at`) VALUES
(8, 'ORD-626A067C28453', 1, '8ac7a4a1806e1ad101806e294df73d48', 'delieverd', '101.500000', 1, 1, 'visa', 'Marwan', 'Osama', 'العنوان بالتفاصيل', 'Cairo', 'Egypt', '01022418008', NULL, '2022-04-28 01:14:04', '2022-04-28 03:16:47'),
(9, 'ORD-626A094188C1E', 1, '8ac7a4a0806e23f501806e3424722184', 'pending', '101.500000', 1, 1, 'visa', 'Marwan', 'Osama', 'العنوان بالتفاصيل', 'Cairo', 'Egypt', '01022418008', NULL, '2022-04-28 01:25:53', '2022-04-28 01:25:53'),
(10, 'ORD-626C89C05509F', 1, '8ac7a4a08073cf3c018077fa12e361eb', 'pending', '203.000000', 2, 1, 'visa', 'Marwan', 'Osama', 'Address in detail', 'Cairo', 'Egypt', '01022418008', NULL, '2022-04-29 22:58:40', '2022-04-29 22:58:40'),
(11, 'ORD-626C89E563503', 1, '8ac7a4a18073c690018077faa3d00442', 'pending', '203.000000', 2, 1, 'visa', 'Marwan', 'Osama', 'Address in detail', 'Cairo', 'Egypt', '01022418008', NULL, '2022-04-29 22:59:17', '2022-04-29 22:59:17'),
(12, 'ORD-626C8A3AE0AA9', 1, '8ac7a49f8073c690018077fbf2e2059f', 'pending', '203.000000', 2, 1, 'visa', 'Marwan', 'Osama', 'Address in detail', 'Cairo', 'Egypt', '01022418008', NULL, '2022-04-29 23:00:42', '2022-04-29 23:00:42'),
(13, 'ORD-626C8CE6381DA', 1, '8ac7a4a18073c690018078065e9a184d', 'pending', '203.000000', 2, 1, 'visa', 'Marwan', 'Osama', 'Address in detail', 'Cairo', 'Egypt', '01022418008', NULL, '2022-04-29 23:12:06', '2022-04-29 23:12:06'),
(14, 'ORD-626C8D2B441F8', 1, '8ac7a4a18073c690018078076ce31a1c', 'pending', '203.000000', 2, 1, 'visa', 'Marwan', 'Osama', 'Address in detail', 'Cairo', 'Egypt', '01022418008', NULL, '2022-04-29 23:13:15', '2022-04-29 23:13:15'),
(15, 'ORD-626C94DB75A8F', 1, '8ac7a4a28073cf3c01807825757d7e46', 'pending', '101.500000', 1, 1, 'visa', 'Marwan', 'Osama', 'Address in detail', 'Cairo', 'Egypt', '01022418008', NULL, '2022-04-29 23:46:03', '2022-04-29 23:46:03'),
(16, 'ORD-626C9C20196EC', 1, '8ac7a49f8073c69001807841d91f60f1', 'pending', '101.500000', 1, 1, 'VISA', 'Marwan', 'Osama', 'Address in detail', 'Cairo', 'Egypt', '01022418008', NULL, '2022-04-30 00:17:04', '2022-04-30 00:17:04'),
(17, 'ORD-626DA19E8AED6', 1, '8ac7a49f8073c69001807c3f468561fe', 'pending', '50.750000', 1, 1, 'VISA', 'Marwan', 'Osama', 'Address in detail', 'Cairo', 'Egypt', '01022418008', NULL, '2022-04-30 18:52:46', '2022-04-30 18:52:46'),
(18, 'ORD-626DA6DAA331C', 1, '8ac7a4a18073c69001807c53bf8a0437', 'pending', '50.750000', 1, 1, 'VISA', 'Marwan', 'Osama', 'Address in detail', 'Cairo', 'Egypt', '01022418008', NULL, '2022-04-30 19:15:06', '2022-04-30 19:15:06');

-- --------------------------------------------------------

--
-- Table structure for table `order_items`
--

CREATE TABLE `order_items` (
  `id` bigint UNSIGNED NOT NULL,
  `order_id` bigint UNSIGNED NOT NULL,
  `product_id` bigint UNSIGNED NOT NULL,
  `product_title` varchar(255) COLLATE utf8mb4_unicode_ci NOT NULL,
  `prop` varchar(255) COLLATE utf8mb4_unicode_ci DEFAULT NULL,
  `quantity` int UNSIGNED NOT NULL,
  `price` decimal(20,6) NOT NULL,
  `created_at` timestamp NULL DEFAULT NULL,
  `updated_at` timestamp NULL DEFAULT NULL
) ENGINE=InnoDB DEFAULT CHARSET=utf8mb4 COLLATE=utf8mb4_unicode_ci;

--
-- Dumping data for table `order_items`
--

INSERT INTO `order_items` (`id`, `order_id`, `product_id`, `product_title`, `prop`, `quantity`, `price`, `created_at`, `updated_at`) VALUES
(1, 10, 44, 'New Product', NULL, 1, '100.000000', '2022-04-29 22:58:40', '2022-04-29 22:58:40'),
(2, 10, 47, 'tttt', 'Size : S', 1, '100.000000', '2022-04-29 22:58:40', '2022-04-29 22:58:40'),
(3, 11, 44, 'New Product', NULL, 1, '100.000000', '2022-04-29 22:59:17', '2022-04-29 22:59:17'),
(4, 11, 47, 'tttt', 'Size : S', 1, '100.000000', '2022-04-29 22:59:17', '2022-04-29 22:59:17'),
(5, 12, 44, 'New Product', NULL, 1, '100.000000', '2022-04-29 23:00:43', '2022-04-29 23:00:43'),
(6, 12, 47, 'tttt', 'Size : S', 1, '100.000000', '2022-04-29 23:00:43', '2022-04-29 23:00:43'),
(7, 13, 44, 'New Product', NULL, 1, '100.000000', '2022-04-29 23:12:06', '2022-04-29 23:12:06'),
(8, 13, 47, 'tttt', 'Size : S', 1, '100.000000', '2022-04-29 23:12:06', '2022-04-29 23:12:06'),
(9, 14, 44, 'New Product', NULL, 1, '100.000000', '2022-04-29 23:13:15', '2022-04-29 23:13:15'),
(10, 14, 47, 'tttt', 'Size : S', 1, '100.000000', '2022-04-29 23:13:15', '2022-04-29 23:13:15'),
(11, 15, 44, 'New Product', NULL, 1, '100.000000', '2022-04-29 23:46:03', '2022-04-29 23:46:03'),
(12, 16, 44, 'New Product', NULL, 1, '100.000000', '2022-04-30 00:17:04', '2022-04-30 00:17:04'),
(13, 17, 73, 'vendo poduct', 'Size : xl', 1, '50.000000', '2022-04-30 18:52:46', '2022-04-30 18:52:46'),
(14, 18, 76, 'T-shtt', 'Size : M', 1, '50.000000', '2022-04-30 19:15:06', '2022-04-30 19:15:06');

-- --------------------------------------------------------

--
-- Table structure for table `password_resets`
--

CREATE TABLE `password_resets` (
  `email` varchar(255) COLLATE utf8mb4_unicode_ci NOT NULL,
  `token` varchar(255) COLLATE utf8mb4_unicode_ci NOT NULL,
  `created_at` timestamp NULL DEFAULT NULL
) ENGINE=InnoDB DEFAULT CHARSET=utf8mb4 COLLATE=utf8mb4_unicode_ci;

-- --------------------------------------------------------

--
-- Table structure for table `pending_products`
--

CREATE TABLE `pending_products` (
  `id` bigint UNSIGNED NOT NULL,
  `vendor_id` bigint UNSIGNED DEFAULT NULL,
  `product_title` varchar(255) CHARACTER SET utf8mb4 COLLATE utf8mb4_unicode_ci NOT NULL,
  `slug` varchar(255) COLLATE utf8mb4_unicode_ci NOT NULL,
  `category` varchar(255) CHARACTER SET utf8mb4 COLLATE utf8mb4_unicode_ci DEFAULT NULL,
  `sub_category` varchar(255) COLLATE utf8mb4_unicode_ci NOT NULL,
  `description` text COLLATE utf8mb4_unicode_ci NOT NULL,
  `active` tinyint(1) NOT NULL DEFAULT '0',
  `price` int NOT NULL,
  `prop` varchar(255) COLLATE utf8mb4_unicode_ci DEFAULT NULL,
  `value` json DEFAULT NULL,
  `info` longtext COLLATE utf8mb4_unicode_ci,
  `material` varchar(255) COLLATE utf8mb4_unicode_ci NOT NULL DEFAULT 'cotton',
  `weight` int NOT NULL DEFAULT '100',
  `widthHeight` varchar(255) COLLATE utf8mb4_unicode_ci NOT NULL DEFAULT '29cm * 39cm',
  `created_at` timestamp NULL DEFAULT NULL,
  `updated_at` timestamp NULL DEFAULT NULL,
  `deleted_at` timestamp NULL DEFAULT NULL
) ENGINE=InnoDB DEFAULT CHARSET=utf8mb4 COLLATE=utf8mb4_unicode_ci;

--
-- Dumping data for table `pending_products`
--

INSERT INTO `pending_products` (`id`, `vendor_id`, `product_title`, `slug`, `category`, `sub_category`, `description`, `active`, `price`, `prop`, `value`, `info`, `material`, `weight`, `widthHeight`, `created_at`, `updated_at`, `deleted_at`) VALUES
(14, 1, 'Home Decoration', 'home-decoration', NULL, '1', 'Description:', 0, 550, 'Size', '\"[ \\\"S\\\",     \\\"XL\\\" ]\"', 'Vestibulum ac diam sit amet quam vehicula elementum sed sit amet dui.', 'sdfa', 23, 'asdfsdf', '2022-04-30 02:25:22', '2022-04-30 02:25:22', NULL),
(15, 1, 'array', 'array', NULL, '1', 'Description:', 0, 50, 'Size', '\"S,Xl\"', 'dsfsdf', 'sdfa', 3, '34  34x', '2022-04-30 02:26:27', '2022-04-30 02:26:27', NULL),
(16, 1, 'array2', 'array2', NULL, '1', 'Description:', 0, 222, 'Size', '\"[S,X]\"', 'dsfsdf', 'sdfa', 3, 'asdfsdf', '2022-04-30 02:27:13', '2022-04-30 02:27:13', NULL),
(17, 1, 'asdasd', 'asdasd', NULL, '1', 'Description:', 0, 550, 'Size', '\"S,Xl\"', 'dsfsdf', 'sdfa', 3, 'asdfsdf', '2022-04-30 02:28:04', '2022-04-30 02:28:04', NULL),
(18, 1, 'qwe', 'qwe', NULL, '1', 'Description:', 0, 50, 'Size', '\"[\'s\',\'s\']\"', 'Vestibulum ac diam sit amet quam vehicula elementum sed sit amet dui.', 'sdfa', 2, 'asdfsdf', '2022-04-30 02:31:06', '2022-04-30 02:31:06', NULL),
(19, 1, 'Home Decoration', 'home-decoration', NULL, '1', 'Description:', 0, 5050, 'Size', '\"[ \\\"S\\\"  ,  \\\"XL\\\" ]\"', 'dsfsdf', 'sdfa', 2, '3', '2022-04-30 02:32:02', '2022-04-30 02:32:02', NULL),
(20, 1, 'qewwwwwwwwwwwwww', 'qewwwwwwwwwwwwww', NULL, '1', 'Description:', 0, 50, 'Size', '[\"xl,c\"]', 'dsfsdf', 'sdfa', 2, '3', '2022-04-30 02:35:55', '2022-04-30 02:35:55', NULL),
(21, 1, 'new1', 'new1', NULL, '1', 'Description:', 0, 5050, 'Size', '\"asd,aqwe\"', 'dsfsdf', 'sdfa', 2, '3', '2022-04-30 02:47:11', '2022-04-30 02:47:11', NULL),
(23, 1, 'qewwwwwwwwwwwwww', 'qewwwwwwwwwwwwww', NULL, '1', 'Description:', 0, 50, 'Size', '[\"asd,qq\"]', 'dsfsdf', 'sdfa', 2, 'e', '2022-04-30 02:54:56', '2022-04-30 02:54:56', NULL),
(26, 1, 'tata', 'tata', NULL, '1', 'Description:', 0, 5050, 'Size', '[\"\"]', 'qwe', 'sdfa', 3, 'qe', '2022-04-30 03:11:49', '2022-04-30 03:11:49', NULL);

-- --------------------------------------------------------

--
-- Table structure for table `personal_access_tokens`
--

CREATE TABLE `personal_access_tokens` (
  `id` bigint UNSIGNED NOT NULL,
  `tokenable_type` varchar(255) COLLATE utf8mb4_unicode_ci NOT NULL,
  `tokenable_id` bigint UNSIGNED NOT NULL,
  `name` varchar(255) COLLATE utf8mb4_unicode_ci NOT NULL,
  `token` varchar(64) COLLATE utf8mb4_unicode_ci NOT NULL,
  `abilities` text COLLATE utf8mb4_unicode_ci,
  `last_used_at` timestamp NULL DEFAULT NULL,
  `created_at` timestamp NULL DEFAULT NULL,
  `updated_at` timestamp NULL DEFAULT NULL
) ENGINE=InnoDB DEFAULT CHARSET=utf8mb4 COLLATE=utf8mb4_unicode_ci;

-- --------------------------------------------------------

--
-- Table structure for table `products`
--

CREATE TABLE `products` (
  `id` bigint UNSIGNED NOT NULL,
  `vendor_id` bigint UNSIGNED DEFAULT NULL,
  `name` varchar(255) COLLATE utf8mb4_unicode_ci NOT NULL,
  `slug` varchar(255) COLLATE utf8mb4_unicode_ci NOT NULL,
  `description` text COLLATE utf8mb4_unicode_ci NOT NULL,
  `active` tinyint(1) NOT NULL DEFAULT '0',
  `price` decimal(10,0) DEFAULT NULL,
  `size` json DEFAULT NULL,
  `color` json DEFAULT NULL,
  `info` longtext COLLATE utf8mb4_unicode_ci,
  `material` varchar(255) COLLATE utf8mb4_unicode_ci NOT NULL DEFAULT 'cotton',
  `weight` int NOT NULL DEFAULT '100',
  `widthHeight` varchar(255) CHARACTER SET utf8mb4 COLLATE utf8mb4_unicode_ci NOT NULL DEFAULT '29cm * 39cm',
  `created_at` timestamp NULL DEFAULT NULL,
  `updated_at` timestamp NULL DEFAULT NULL,
  `deleted_at` timestamp NULL DEFAULT NULL
) ENGINE=InnoDB DEFAULT CHARSET=utf8mb4 COLLATE=utf8mb4_unicode_ci;

--
-- Dumping data for table `products`
--

INSERT INTO `products` (`id`, `vendor_id`, `name`, `slug`, `description`, `active`, `price`, `size`, `color`, `info`, `material`, `weight`, `widthHeight`, `created_at`, `updated_at`, `deleted_at`) VALUES
(127, 1, 'TShirt Wilburn', 'tshirt-wilburn', 'Curabitur non nulla sit amet nisl tempus convallis quis ac lectus.', 1, '100', NULL, NULL, 'info', 'material', 100, '100', '2022-04-30 23:42:54', '2022-04-30 23:42:54', NULL),
(128, 1, 'TShirt Zion', 'tshirt-zion', 'Curabitur non nulla sit amet nisl tempus convallis quis ac lectus.', 1, '100', NULL, NULL, 'info', 'material', 100, '100', '2022-04-30 23:42:54', '2022-04-30 23:42:54', NULL),
(129, 1, 'TShirt Alba', 'tshirt-alba', 'Curabitur non nulla sit amet nisl tempus convallis quis ac lectus.', 1, '100', NULL, NULL, 'info', 'material', 100, '100', '2022-04-30 23:42:55', '2022-04-30 23:42:55', NULL),
(130, 1, 'TShirt Omer', 'tshirt-omer', 'Curabitur non nulla sit amet nisl tempus convallis quis ac lectus.', 1, '100', NULL, NULL, 'info', 'material', 100, '100', '2022-04-30 23:42:56', '2022-04-30 23:42:56', NULL),
(131, 1, 'TShirt Jalen', 'tshirt-jalen', 'Curabitur non nulla sit amet nisl tempus convallis quis ac lectus.', 1, '100', NULL, NULL, 'info', 'material', 100, '100', '2022-04-30 23:42:57', '2022-04-30 23:42:57', NULL),
(132, 1, 'TShirt Adrianna', 'tshirt-adrianna', 'Curabitur non nulla sit amet nisl tempus convallis quis ac lectus.', 1, '100', NULL, NULL, 'info', 'material', 100, '100', '2022-04-30 23:42:58', '2022-04-30 23:42:58', NULL),
(133, 1, 'TShirt Fausto', 'tshirt-fausto', 'Curabitur non nulla sit amet nisl tempus convallis quis ac lectus.', 1, '100', NULL, NULL, 'info', 'material', 100, '100', '2022-04-30 23:42:58', '2022-04-30 23:42:58', NULL),
(134, 1, 'TShirt Christop', 'tshirt-christop', 'Curabitur non nulla sit amet nisl tempus convallis quis ac lectus.', 1, '100', NULL, NULL, 'info', 'material', 100, '100', '2022-04-30 23:42:59', '2022-04-30 23:42:59', NULL),
(135, 1, 'TShirt Celestine', 'tshirt-celestine', 'Curabitur non nulla sit amet nisl tempus convallis quis ac lectus.', 1, '100', NULL, NULL, 'info', 'material', 100, '100', '2022-04-30 23:43:00', '2022-04-30 23:43:00', NULL),
(136, 1, 'TShirt Sabrina', 'tshirt-sabrina', 'Curabitur non nulla sit amet nisl tempus convallis quis ac lectus.', 1, '100', NULL, NULL, 'info', 'material', 100, '100', '2022-04-30 23:43:01', '2022-04-30 23:43:01', NULL),
(137, 1, 'TShirt Giovani', 'tshirt-giovani', 'Curabitur non nulla sit amet nisl tempus convallis quis ac lectus.', 1, '100', NULL, NULL, 'info', 'material', 100, '100', '2022-04-30 23:43:19', '2022-04-30 23:43:19', NULL),
(138, 1, 'TShirt Liza', 'tshirt-liza', 'Curabitur non nulla sit amet nisl tempus convallis quis ac lectus.', 1, '100', NULL, NULL, 'info', 'material', 100, '100', '2022-04-30 23:43:20', '2022-04-30 23:43:20', NULL),
(139, 1, 'TShirt Wava', 'tshirt-wava', 'Curabitur non nulla sit amet nisl tempus convallis quis ac lectus.', 1, '100', NULL, NULL, 'info', 'material', 100, '100', '2022-04-30 23:43:21', '2022-04-30 23:43:21', NULL),
(140, 1, 'TShirt Kenyon', 'tshirt-kenyon', 'Curabitur non nulla sit amet nisl tempus convallis quis ac lectus.', 1, '100', NULL, NULL, 'info', 'material', 100, '100', '2022-04-30 23:43:22', '2022-04-30 23:43:22', NULL),
(141, 1, 'TShirt Bonnie', 'tshirt-bonnie', 'Curabitur non nulla sit amet nisl tempus convallis quis ac lectus.', 1, '100', NULL, NULL, 'info', 'material', 100, '100', '2022-04-30 23:43:23', '2022-04-30 23:43:23', NULL),
(142, 1, 'TShirt Laverna', 'tshirt-laverna', 'Curabitur non nulla sit amet nisl tempus convallis quis ac lectus.', 1, '100', NULL, NULL, 'info', 'material', 100, '100', '2022-04-30 23:43:24', '2022-04-30 23:43:24', NULL),
(143, 1, 'TShirt Percy', 'tshirt-percy', 'Curabitur non nulla sit amet nisl tempus convallis quis ac lectus.', 1, '100', NULL, NULL, 'info', 'material', 100, '100', '2022-04-30 23:43:24', '2022-04-30 23:43:24', NULL),
(144, 1, 'TShirt Mohammad', 'tshirt-mohammad', 'Curabitur non nulla sit amet nisl tempus convallis quis ac lectus.', 1, '100', NULL, NULL, 'info', 'material', 100, '100', '2022-04-30 23:43:25', '2022-04-30 23:43:25', NULL),
(145, 1, 'TShirt Noemi', 'tshirt-noemi', 'Curabitur non nulla sit amet nisl tempus convallis quis ac lectus.', 1, '100', NULL, NULL, 'info', 'material', 100, '100', '2022-04-30 23:43:26', '2022-04-30 23:43:26', NULL),
(146, 1, 'TShirt Merle', 'tshirt-merle', 'Curabitur non nulla sit amet nisl tempus convallis quis ac lectus.', 1, '100', NULL, NULL, 'info', 'material', 100, '100', '2022-04-30 23:43:26', '2022-04-30 23:43:26', NULL),
(147, 1, 'TShirt Dulce', 'tshirt-dulce', 'Curabitur non nulla sit amet nisl tempus convallis quis ac lectus.', 1, '100', NULL, NULL, 'info', 'material', 100, '100', '2022-04-30 23:43:33', '2022-04-30 23:43:33', NULL),
(148, 1, 'TShirt Naomie', 'tshirt-naomie', 'Curabitur non nulla sit amet nisl tempus convallis quis ac lectus.', 1, '100', NULL, NULL, 'info', 'material', 100, '100', '2022-04-30 23:43:34', '2022-04-30 23:43:34', NULL),
(149, 1, 'TShirt Lavada', 'tshirt-lavada', 'Curabitur non nulla sit amet nisl tempus convallis quis ac lectus.', 1, '100', NULL, NULL, 'info', 'material', 100, '100', '2022-04-30 23:43:35', '2022-04-30 23:43:35', NULL),
(150, 1, 'TShirt Emmy', 'tshirt-emmy', 'Curabitur non nulla sit amet nisl tempus convallis quis ac lectus.', 1, '100', NULL, NULL, 'info', 'material', 100, '100', '2022-04-30 23:43:36', '2022-04-30 23:43:36', NULL),
(151, 1, 'TShirt Thea', 'tshirt-thea', 'Curabitur non nulla sit amet nisl tempus convallis quis ac lectus.', 1, '100', NULL, NULL, 'info', 'material', 100, '100', '2022-04-30 23:43:36', '2022-04-30 23:43:36', NULL),
(152, 1, 'TShirt Christophe', 'tshirt-christophe', 'Curabitur non nulla sit amet nisl tempus convallis quis ac lectus.', 1, '100', NULL, NULL, 'info', 'material', 100, '100', '2022-04-30 23:43:37', '2022-04-30 23:43:37', NULL),
(153, 1, 'TShirt Alena', 'tshirt-alena', 'Curabitur non nulla sit amet nisl tempus convallis quis ac lectus.', 1, '100', NULL, NULL, 'info', 'material', 100, '100', '2022-04-30 23:43:37', '2022-04-30 23:43:37', NULL),
(154, 1, 'TShirt Brandt', 'tshirt-brandt', 'Curabitur non nulla sit amet nisl tempus convallis quis ac lectus.', 1, '100', NULL, NULL, 'info', 'material', 100, '100', '2022-04-30 23:43:38', '2022-04-30 23:43:38', NULL),
(155, 1, 'TShirt Maymie', 'tshirt-maymie', 'Curabitur non nulla sit amet nisl tempus convallis quis ac lectus.', 1, '100', NULL, NULL, 'info', 'material', 100, '100', '2022-04-30 23:43:38', '2022-04-30 23:43:38', NULL),
(156, 1, 'TShirt Ava', 'tshirt-ava', 'Curabitur non nulla sit amet nisl tempus convallis quis ac lectus.', 1, '100', NULL, NULL, 'info', 'material', 100, '100', '2022-04-30 23:43:39', '2022-04-30 23:43:39', NULL),
(157, 1, 'new product', 'new-product', 'Description:', 1, '5050', NULL, NULL, 'dsfsdf', 'cotton', 23, '34  34x', '2022-04-30 23:51:23', '2022-04-30 23:51:23', NULL),
(158, 1, 'q234', 'q234', 'Description:', 1, '5050', NULL, NULL, 'dsfsdf', 'sdfa', 34, 'asdfsdf', '2022-05-01 00:14:57', '2022-05-01 00:14:57', NULL);

-- --------------------------------------------------------

--
-- Table structure for table `product_props`
--

CREATE TABLE `product_props` (
  `id` bigint UNSIGNED NOT NULL,
  `product_id` bigint UNSIGNED NOT NULL,
  `key` varchar(255) COLLATE utf8mb4_unicode_ci NOT NULL,
  `value` json NOT NULL,
  `created_at` timestamp NULL DEFAULT NULL,
  `updated_at` timestamp NULL DEFAULT NULL
) ENGINE=InnoDB DEFAULT CHARSET=utf8mb4 COLLATE=utf8mb4_unicode_ci;

--
-- Dumping data for table `product_props`
--

INSERT INTO `product_props` (`id`, `product_id`, `key`, `value`, `created_at`, `updated_at`) VALUES
(2, 6, 'المقاس', '[\"M\", \"S\"]', NULL, NULL),
(4, 1, 'Color', '[\"tailwind\", \"laravel\"]', '2022-04-18 18:54:02', '2022-04-18 18:54:02'),
(5, 12, 'Color', '[\"White\", \"Blue\"]', '2022-04-18 19:00:12', '2022-04-18 19:00:12'),
(6, 13, 'Size', '[\"S\", \"XL\"]', '2022-04-18 20:18:44', '2022-04-18 20:18:44'),
(7, 13, 'Color', '[\"Red\", \"White\"]', '2022-04-18 20:19:04', '2022-04-18 20:19:04'),
(8, 14, 'Size', '[\"Red\", \"Black\"]', '2022-04-18 22:51:49', '2022-04-18 22:51:49'),
(9, 15, 'Size', '[\"Red\", \"White\"]', '2022-04-18 23:01:44', '2022-04-18 23:01:44'),
(10, 11, 'Size', '[\"S\", \"M\", \"XL\"]', '2022-04-23 03:33:04', '2022-04-23 03:33:04'),
(11, 47, 'Size', '[\"S\", \"XL\", \"M\"]', '2022-04-28 03:23:20', '2022-04-28 03:23:20'),
(12, 66, 'Size', '[\"S\", \"M\", \"XL\"]', '2022-04-30 00:50:40', '2022-04-30 00:50:40'),
(13, 67, '[ \"Red\",     \"Black\" ]', '\"Size\"', '2022-04-30 02:08:43', '2022-04-30 02:08:43'),
(14, 68, 'Size', '\"[ \\\"S\\\",     \\\"XL\\\" ]\"', '2022-04-30 02:13:03', '2022-04-30 02:13:03'),
(15, 69, 'Size', '\"\\\"[ \\\\\\\"S\\\\\\\",     \\\\\\\"XL\\\\\\\" ]\\\"\"', '2022-04-30 02:16:16', '2022-04-30 02:16:16'),
(16, 70, 'Size', '\"\\\"[ \\\\\\\"S\\\\\\\",     \\\\\\\"XL\\\\\\\" ]\\\"\"', '2022-04-30 02:19:46', '2022-04-30 02:19:46'),
(17, 71, 'Size', '[\"asd\", \" asdw\", \"qwe\"]', '2022-04-30 03:10:30', '2022-04-30 03:10:30'),
(18, 73, 'Size', '[\"xl\", \"S\", \"M\"]', '2022-04-30 18:50:55', '2022-04-30 18:50:55'),
(19, 74, 'Ram', '[\"4gb\", \"8gb\"]', '2022-04-30 18:58:10', '2022-04-30 18:58:10'),
(20, 75, 'Ram', '[\"4gb\", \"8gb\"]', '2022-04-30 19:02:08', '2022-04-30 19:02:08'),
(21, 76, 'Size', '[\"XL\", \"S\", \"M\"]', '2022-04-30 19:14:06', '2022-04-30 19:14:06'),
(22, 157, 'Size', '[\"xl\", \"M\", \"S\"]', '2022-04-30 23:51:23', '2022-04-30 23:51:23'),
(23, 158, 'a', '\"[\\\"asd,cv\\\"]\"', '2022-05-01 00:14:57', '2022-05-01 00:14:57');

-- --------------------------------------------------------

--
-- Table structure for table `subcategory_product`
--

CREATE TABLE `subcategory_product` (
  `id` bigint UNSIGNED NOT NULL,
  `product_id` bigint UNSIGNED NOT NULL,
  `subcategory_id` bigint UNSIGNED NOT NULL,
  `created_at` timestamp NULL DEFAULT NULL,
  `updated_at` timestamp NULL DEFAULT NULL
) ENGINE=InnoDB DEFAULT CHARSET=utf8mb4 COLLATE=utf8mb4_unicode_ci;

--
-- Dumping data for table `subcategory_product`
--

INSERT INTO `subcategory_product` (`id`, `product_id`, `subcategory_id`, `created_at`, `updated_at`) VALUES
(111, 127, 1, NULL, NULL),
(112, 128, 1, NULL, NULL),
(113, 129, 1, NULL, NULL),
(114, 130, 1, NULL, NULL),
(115, 131, 1, NULL, NULL),
(116, 132, 1, NULL, NULL),
(117, 133, 1, NULL, NULL),
(118, 134, 1, NULL, NULL),
(119, 135, 1, NULL, NULL),
(120, 136, 1, NULL, NULL),
(121, 137, 1, NULL, NULL),
(122, 138, 1, NULL, NULL),
(123, 139, 1, NULL, NULL),
(124, 140, 1, NULL, NULL),
(125, 141, 1, NULL, NULL),
(126, 142, 1, NULL, NULL),
(127, 143, 1, NULL, NULL),
(128, 144, 1, NULL, NULL),
(129, 145, 1, NULL, NULL),
(130, 146, 1, NULL, NULL),
(131, 147, 1, NULL, NULL),
(132, 148, 1, NULL, NULL),
(133, 149, 1, NULL, NULL),
(134, 150, 1, NULL, NULL),
(135, 151, 1, NULL, NULL),
(136, 152, 1, NULL, NULL),
(137, 153, 1, NULL, NULL),
(138, 154, 1, NULL, NULL),
(139, 155, 1, NULL, NULL),
(140, 156, 1, NULL, NULL),
(141, 157, 1, NULL, NULL),
(142, 158, 1, NULL, NULL);

-- --------------------------------------------------------

--
-- Table structure for table `sub_categories`
--

CREATE TABLE `sub_categories` (
  `id` bigint UNSIGNED NOT NULL,
  `category_id` bigint UNSIGNED NOT NULL,
  `name` varchar(255) COLLATE utf8mb4_unicode_ci NOT NULL,
  `slug` varchar(255) COLLATE utf8mb4_unicode_ci NOT NULL,
  `created_at` timestamp NULL DEFAULT NULL,
  `updated_at` timestamp NULL DEFAULT NULL
) ENGINE=InnoDB DEFAULT CHARSET=utf8mb4 COLLATE=utf8mb4_unicode_ci;

--
-- Dumping data for table `sub_categories`
--

INSERT INTO `sub_categories` (`id`, `category_id`, `name`, `slug`, `created_at`, `updated_at`) VALUES
(1, 1, 'Health Services Manager', 'health-services-manager', '2022-04-16 03:45:02', '2022-04-16 03:45:02'),
(2, 1, 'Social Media Marketing Manager', 'social-media-marketing-manager', '2022-04-16 03:45:03', '2022-04-16 03:45:03'),
(3, 1, 'Construction Laborer', 'construction-laborer', '2022-04-16 03:45:03', '2022-04-16 03:45:03'),
(4, 1, 'Atmospheric and Space Scientist', 'atmospheric-and-space-scientist', '2022-04-16 03:45:03', '2022-04-16 03:45:03'),
(5, 1, 'Milling Machine Operator', 'milling-machine-operator', '2022-04-16 03:45:03', '2022-04-16 03:45:03'),
(6, 2, 'Social Service Specialists', 'social-service-specialists', '2022-04-16 03:45:17', '2022-04-16 03:45:17'),
(7, 2, 'Motorboat Operator', 'motorboat-operator', '2022-04-16 03:45:18', '2022-04-16 03:45:18'),
(8, 2, 'Budget Analyst', 'budget-analyst', '2022-04-16 03:45:18', '2022-04-16 03:45:18'),
(9, 2, 'Musician OR Singer', 'musician-or-singer', '2022-04-16 03:45:18', '2022-04-16 03:45:18'),
(10, 2, 'Meter Mechanic', 'meter-mechanic', '2022-04-16 03:45:18', '2022-04-16 03:45:18'),
(11, 2, 'Computer Hardware Engineer', 'computer-hardware-engineer', '2022-04-16 03:45:21', '2022-04-16 03:45:21'),
(12, 2, 'Recreation Worker', 'recreation-worker', '2022-04-16 03:45:21', '2022-04-16 03:45:21'),
(13, 2, 'Movie Director oR Theatre Director', 'movie-director-or-theatre-director', '2022-04-16 03:45:21', '2022-04-16 03:45:21'),
(14, 2, 'Art Teacher', 'art-teacher', '2022-04-16 03:45:21', '2022-04-16 03:45:21'),
(15, 2, 'Bindery Worker', 'bindery-worker', '2022-04-16 03:45:21', '2022-04-16 03:45:21'),
(16, 4, 'Motorboat Mechanic', 'motorboat-mechanic', '2022-04-16 03:45:35', '2022-04-16 03:45:35'),
(17, 4, 'Food Preparation Worker', 'food-preparation-worker', '2022-04-16 03:45:35', '2022-04-16 03:45:35'),
(18, 4, 'Chemical Equipment Tender', 'chemical-equipment-tender', '2022-04-16 03:45:35', '2022-04-16 03:45:35'),
(19, 4, 'Gaming Supervisor', 'gaming-supervisor', '2022-04-16 03:45:35', '2022-04-16 03:45:35'),
(20, 4, 'Movie Director oR Theatre Director', 'movie-director-or-theatre-director', '2022-04-16 03:45:35', '2022-04-16 03:45:35'),
(21, 5, 'Photographic Processing Machine Operator', 'photographic-processing-machine-operator', '2022-04-16 03:45:41', '2022-04-16 03:45:41'),
(22, 5, 'Movers', 'movers', '2022-04-16 03:45:41', '2022-04-16 03:45:41'),
(23, 5, 'Transportation Equipment Maintenance', 'transportation-equipment-maintenance', '2022-04-16 03:45:41', '2022-04-16 03:45:41'),
(24, 5, 'Electric Motor Repairer', 'electric-motor-repairer', '2022-04-16 03:45:41', '2022-04-16 03:45:41'),
(25, 5, 'Material Moving Worker', 'material-moving-worker', '2022-04-16 03:45:41', '2022-04-16 03:45:41'),
(26, 3, 'Loan Officer', 'loan-officer', '2022-04-16 03:45:46', '2022-04-16 03:45:46'),
(27, 3, 'Aviation Inspector', 'aviation-inspector', '2022-04-16 03:45:46', '2022-04-16 03:45:46'),
(28, 3, 'Writer OR Author', 'writer-or-author', '2022-04-16 03:45:46', '2022-04-16 03:45:46'),
(29, 3, 'Refractory Materials Repairer', 'refractory-materials-repairer', '2022-04-16 03:45:46', '2022-04-16 03:45:46'),
(30, 3, 'Agricultural Technician', 'agricultural-technician', '2022-04-16 03:45:46', '2022-04-16 03:45:46'),
(31, 4, 'اثاث', 'athath', '2022-04-18 06:26:48', '2022-04-18 06:26:48');

-- --------------------------------------------------------

--
-- Table structure for table `users`
--

CREATE TABLE `users` (
  `id` bigint UNSIGNED NOT NULL,
  `name` varchar(255) COLLATE utf8mb4_unicode_ci NOT NULL,
  `email` varchar(255) COLLATE utf8mb4_unicode_ci NOT NULL,
  `email_verified_at` timestamp NULL DEFAULT NULL,
  `password` varchar(255) COLLATE utf8mb4_unicode_ci NOT NULL,
  `remember_token` varchar(100) COLLATE utf8mb4_unicode_ci DEFAULT NULL,
  `created_at` timestamp NULL DEFAULT NULL,
  `updated_at` timestamp NULL DEFAULT NULL
) ENGINE=InnoDB DEFAULT CHARSET=utf8mb4 COLLATE=utf8mb4_unicode_ci;

--
-- Dumping data for table `users`
--

INSERT INTO `users` (`id`, `name`, `email`, `email_verified_at`, `password`, `remember_token`, `created_at`, `updated_at`) VALUES
(1, 'Marwan Osama', 'marwan.osama8888@gmail.com', NULL, '$2y$10$Fum6jf04wAvuAEV0cV.0nOE5Ded9HPe4VAkfOgXiIm9aeLEYJ6tmy', 't65bXvlnI6QsOqYGs2dbWkfLGChhxzBOvUqJ4xcZykQMecoVgVVminI8eChn', '2022-04-14 01:40:32', '2022-04-14 01:40:32'),
(2, 'admin', 'admin@admin.com', NULL, '$2y$10$Ve2SQkw82baZUumg6bjGM.UdeR7jmbmtcz9fUq1/RnwjDkeQZAY.S', '1606NHsjyZ9pyhHLigBplnI2TWPKQPks3HXjytb3S6YNmxbEVcSPFxAat0P3', '2022-04-18 05:08:31', '2022-04-18 05:08:31'),
(3, 'Marwan', 'admin@mail.com', NULL, '$2y$10$q4H9qAwa/5RMZ6nB/gK8QuNVIh7rAp.DMAAtUhagL94CqI/5yoVzW', NULL, '2022-04-18 05:12:10', '2022-04-18 05:12:10'),
(4, 'promos', 'marosam95@gmail.com', NULL, '$2y$10$h2ttiZK2yWTvT.3XcpHhqeoImQ3jG5iwMDkO.TLCu2oJXzm2HjhvK', 'kcMrsTzNK2Slo0Fyppody3lzksfUHfBoG78r7rybwFUJdZ5USW3guORc2kYU', '2022-04-23 03:29:25', '2022-04-23 03:29:25'),
(5, 'Marwan Osama', 'asdasd@mail.com', NULL, '$2y$10$fNwkU.pwHiGfSSxJfFN.L.BakXOQ3SM7RIHcpF8Hs5Ad7fJruhTyO', 'RgpMolgshhSo0dpvrz0hyDasXskoworVVcc57ofF65ytEtCNEni4GrhWvZlT', '2022-04-23 03:31:47', '2022-04-23 03:31:47');

-- --------------------------------------------------------

--
-- Table structure for table `vendors`
--

CREATE TABLE `vendors` (
  `id` bigint UNSIGNED NOT NULL,
  `company_name` varchar(255) COLLATE utf8mb4_unicode_ci NOT NULL,
  `email` varchar(255) COLLATE utf8mb4_unicode_ci NOT NULL,
  `phone` varchar(255) COLLATE utf8mb4_unicode_ci NOT NULL,
  `country_id` bigint UNSIGNED DEFAULT NULL,
  `city_id` bigint UNSIGNED DEFAULT NULL,
  `area_id` bigint UNSIGNED DEFAULT NULL,
  `password` varchar(255) COLLATE utf8mb4_unicode_ci NOT NULL,
  `activated` tinyint(1) NOT NULL DEFAULT '0',
  `remember_token` varchar(100) COLLATE utf8mb4_unicode_ci DEFAULT NULL,
  `deleted_at` timestamp NULL DEFAULT NULL,
  `created_at` timestamp NULL DEFAULT NULL,
  `updated_at` timestamp NULL DEFAULT NULL
) ENGINE=InnoDB DEFAULT CHARSET=utf8mb4 COLLATE=utf8mb4_unicode_ci;

--
-- Dumping data for table `vendors`
--

INSERT INTO `vendors` (`id`, `company_name`, `email`, `phone`, `country_id`, `city_id`, `area_id`, `password`, `activated`, `remember_token`, `deleted_at`, `created_at`, `updated_at`) VALUES
(1, 'elwaild', 'marwan.osama8888@gmail.com', '01022418008', 1, 1, 1, '$2y$10$FKEdmSZZGHkgMlF7CzoLZ.LByRJ0Mi8zcTh/OK6BO7XhaKZoDqQb.', 0, NULL, NULL, '2022-04-23 02:11:50', '2022-04-23 02:11:50'),
(2, 'elwaild', 'vendor@vendor.com', '011111111111', 1, 1, 1, '$2y$10$erEoHjtvGAW5NUSHIIfF0ubwNG2y1YguNX7ftuCwZf73CQ3SDn6rC', 0, NULL, NULL, '2022-04-23 02:22:14', '2022-04-23 02:22:14'),
(3, 'elwaild', 'asdasd@mail.com', '0000000', 1, 1, 1, '$2y$10$DAgrEk5LbeK45i1N0pp32uXEdzUay29n8TQKhZPv1YyLAquc7b2SG', 0, NULL, NULL, '2022-04-23 03:06:16', '2022-04-23 03:06:16'),
(4, 'elwaild', 'marosam95@gmail.com', '234234234', 1, 1, 1, '$2y$10$Ksx4q5zd3ahzroqcC5iPb.mNP6HQ.9lL3TTWTSfWwFfS3xrLG65zK', 0, NULL, NULL, '2022-04-23 17:11:45', '2022-04-23 17:11:45'),
(5, 'elwaild', 'admin@3x1.io', '1232313', 1, 1, 1, '$2y$10$G6MxKzZvdKPKZPIWjkWieOOEFOiOyCwiCfvU0lwQ6O4QmDWT1Eygi', 0, NULL, NULL, '2022-04-25 08:14:05', '2022-04-25 08:14:05'),
(6, 'elgemy', 'admin@mail.com', '12323123', 1, 1, 1, '$2y$10$QmQNkNHB9RlN.WDBtzz3LOct8bZ7gkn.BHbZMYU.8XPtvvFZNEG1G', 0, NULL, NULL, '2022-04-26 00:31:20', '2022-04-26 00:31:20');

--
-- Indexes for dumped tables
--

--
-- Indexes for table `areas`
--
ALTER TABLE `areas`
  ADD PRIMARY KEY (`id`);

--
-- Indexes for table `carts`
--
ALTER TABLE `carts`
  ADD PRIMARY KEY (`id`);

--
-- Indexes for table `cart_items`
--
ALTER TABLE `cart_items`
  ADD PRIMARY KEY (`id`);

--
-- Indexes for table `categories`
--
ALTER TABLE `categories`
  ADD PRIMARY KEY (`id`);

--
-- Indexes for table `cities`
--
ALTER TABLE `cities`
  ADD PRIMARY KEY (`id`);

--
-- Indexes for table `contacts`
--
ALTER TABLE `contacts`
  ADD PRIMARY KEY (`id`);

--
-- Indexes for table `countries`
--
ALTER TABLE `countries`
  ADD PRIMARY KEY (`id`),
  ADD UNIQUE KEY `countries_name_unique` (`name`),
  ADD UNIQUE KEY `countries_code_unique` (`code`);

--
-- Indexes for table `customers`
--
ALTER TABLE `customers`
  ADD PRIMARY KEY (`id`),
  ADD UNIQUE KEY `customers_phone_unique` (`phone`),
  ADD UNIQUE KEY `customers_username_unique` (`username`),
  ADD UNIQUE KEY `customers_email_unique` (`email`);

--
-- Indexes for table `failed_jobs`
--
ALTER TABLE `failed_jobs`
  ADD PRIMARY KEY (`id`),
  ADD UNIQUE KEY `failed_jobs_uuid_unique` (`uuid`);

--
-- Indexes for table `landing_pages`
--
ALTER TABLE `landing_pages`
  ADD PRIMARY KEY (`id`);

--
-- Indexes for table `media`
--
ALTER TABLE `media`
  ADD PRIMARY KEY (`id`),
  ADD UNIQUE KEY `media_uuid_unique` (`uuid`),
  ADD KEY `media_model_type_model_id_index` (`model_type`,`model_id`),
  ADD KEY `media_order_column_index` (`order_column`);

--
-- Indexes for table `migrations`
--
ALTER TABLE `migrations`
  ADD PRIMARY KEY (`id`);

--
-- Indexes for table `orders`
--
ALTER TABLE `orders`
  ADD PRIMARY KEY (`id`),
  ADD UNIQUE KEY `orders_order_number_unique` (`order_number`);

--
-- Indexes for table `order_items`
--
ALTER TABLE `order_items`
  ADD PRIMARY KEY (`id`),
  ADD KEY `order_items_order_id_index` (`order_id`),
  ADD KEY `order_items_product_id_index` (`product_id`);

--
-- Indexes for table `password_resets`
--
ALTER TABLE `password_resets`
  ADD KEY `password_resets_email_index` (`email`);

--
-- Indexes for table `pending_products`
--
ALTER TABLE `pending_products`
  ADD PRIMARY KEY (`id`);

--
-- Indexes for table `personal_access_tokens`
--
ALTER TABLE `personal_access_tokens`
  ADD PRIMARY KEY (`id`),
  ADD UNIQUE KEY `personal_access_tokens_token_unique` (`token`),
  ADD KEY `personal_access_tokens_tokenable_type_tokenable_id_index` (`tokenable_type`,`tokenable_id`);

--
-- Indexes for table `products`
--
ALTER TABLE `products`
  ADD PRIMARY KEY (`id`);

--
-- Indexes for table `product_props`
--
ALTER TABLE `product_props`
  ADD PRIMARY KEY (`id`);

--
-- Indexes for table `subcategory_product`
--
ALTER TABLE `subcategory_product`
  ADD PRIMARY KEY (`id`);

--
-- Indexes for table `sub_categories`
--
ALTER TABLE `sub_categories`
  ADD PRIMARY KEY (`id`);

--
-- Indexes for table `users`
--
ALTER TABLE `users`
  ADD PRIMARY KEY (`id`),
  ADD UNIQUE KEY `users_email_unique` (`email`);

--
-- Indexes for table `vendors`
--
ALTER TABLE `vendors`
  ADD PRIMARY KEY (`id`),
  ADD UNIQUE KEY `vendors_email_unique` (`email`),
  ADD UNIQUE KEY `vendors_phone_unique` (`phone`);

--
-- AUTO_INCREMENT for dumped tables
--

--
-- AUTO_INCREMENT for table `areas`
--
ALTER TABLE `areas`
  MODIFY `id` bigint UNSIGNED NOT NULL AUTO_INCREMENT;

--
-- AUTO_INCREMENT for table `carts`
--
ALTER TABLE `carts`
  MODIFY `id` bigint UNSIGNED NOT NULL AUTO_INCREMENT;

--
-- AUTO_INCREMENT for table `cart_items`
--
ALTER TABLE `cart_items`
  MODIFY `id` bigint UNSIGNED NOT NULL AUTO_INCREMENT, AUTO_INCREMENT=8;

--
-- AUTO_INCREMENT for table `categories`
--
ALTER TABLE `categories`
  MODIFY `id` bigint UNSIGNED NOT NULL AUTO_INCREMENT, AUTO_INCREMENT=10;

--
-- AUTO_INCREMENT for table `cities`
--
ALTER TABLE `cities`
  MODIFY `id` bigint UNSIGNED NOT NULL AUTO_INCREMENT, AUTO_INCREMENT=50;

--
-- AUTO_INCREMENT for table `contacts`
--
ALTER TABLE `contacts`
  MODIFY `id` bigint UNSIGNED NOT NULL AUTO_INCREMENT, AUTO_INCREMENT=13;

--
-- AUTO_INCREMENT for table `countries`
--
ALTER TABLE `countries`
  MODIFY `id` bigint UNSIGNED NOT NULL AUTO_INCREMENT, AUTO_INCREMENT=250;

--
-- AUTO_INCREMENT for table `customers`
--
ALTER TABLE `customers`
  MODIFY `id` bigint UNSIGNED NOT NULL AUTO_INCREMENT, AUTO_INCREMENT=3;

--
-- AUTO_INCREMENT for table `failed_jobs`
--
ALTER TABLE `failed_jobs`
  MODIFY `id` bigint UNSIGNED NOT NULL AUTO_INCREMENT;

--
-- AUTO_INCREMENT for table `landing_pages`
--
ALTER TABLE `landing_pages`
  MODIFY `id` bigint UNSIGNED NOT NULL AUTO_INCREMENT, AUTO_INCREMENT=2;

--
-- AUTO_INCREMENT for table `media`
--
ALTER TABLE `media`
  MODIFY `id` bigint UNSIGNED NOT NULL AUTO_INCREMENT, AUTO_INCREMENT=207;

--
-- AUTO_INCREMENT for table `migrations`
--
ALTER TABLE `migrations`
  MODIFY `id` int UNSIGNED NOT NULL AUTO_INCREMENT, AUTO_INCREMENT=38;

--
-- AUTO_INCREMENT for table `orders`
--
ALTER TABLE `orders`
  MODIFY `id` bigint UNSIGNED NOT NULL AUTO_INCREMENT, AUTO_INCREMENT=19;

--
-- AUTO_INCREMENT for table `order_items`
--
ALTER TABLE `order_items`
  MODIFY `id` bigint UNSIGNED NOT NULL AUTO_INCREMENT, AUTO_INCREMENT=15;

--
-- AUTO_INCREMENT for table `pending_products`
--
ALTER TABLE `pending_products`
  MODIFY `id` bigint UNSIGNED NOT NULL AUTO_INCREMENT, AUTO_INCREMENT=33;

--
-- AUTO_INCREMENT for table `personal_access_tokens`
--
ALTER TABLE `personal_access_tokens`
  MODIFY `id` bigint UNSIGNED NOT NULL AUTO_INCREMENT;

--
-- AUTO_INCREMENT for table `products`
--
ALTER TABLE `products`
  MODIFY `id` bigint UNSIGNED NOT NULL AUTO_INCREMENT, AUTO_INCREMENT=159;

--
-- AUTO_INCREMENT for table `product_props`
--
ALTER TABLE `product_props`
  MODIFY `id` bigint UNSIGNED NOT NULL AUTO_INCREMENT, AUTO_INCREMENT=24;

--
-- AUTO_INCREMENT for table `subcategory_product`
--
ALTER TABLE `subcategory_product`
  MODIFY `id` bigint UNSIGNED NOT NULL AUTO_INCREMENT, AUTO_INCREMENT=143;

--
-- AUTO_INCREMENT for table `sub_categories`
--
ALTER TABLE `sub_categories`
  MODIFY `id` bigint UNSIGNED NOT NULL AUTO_INCREMENT, AUTO_INCREMENT=32;

--
-- AUTO_INCREMENT for table `users`
--
ALTER TABLE `users`
  MODIFY `id` bigint UNSIGNED NOT NULL AUTO_INCREMENT, AUTO_INCREMENT=6;

--
-- AUTO_INCREMENT for table `vendors`
--
ALTER TABLE `vendors`
  MODIFY `id` bigint UNSIGNED NOT NULL AUTO_INCREMENT, AUTO_INCREMENT=7;
COMMIT;

/*!40101 SET CHARACTER_SET_CLIENT=@OLD_CHARACTER_SET_CLIENT */;
/*!40101 SET CHARACTER_SET_RESULTS=@OLD_CHARACTER_SET_RESULTS */;
/*!40101 SET COLLATION_CONNECTION=@OLD_COLLATION_CONNECTION */;
